repo,number of times repo adopted from,number of incoming adoption edges (lib-source pairs)
.weechat__sckasturi,0,104
100daysOfCodeChallange__fishhead108,16,143
1iaFantasy__Aakash282,82,109
2014-01-27-Stanford__arokem,14,284
2014-04-03-sdu__luispedro,33,342
229-224N-Project__vzhong,126,124
911india__cs-shadow,753,753
AA-TP1__mathigatti,116,116
Ad-Hoc-alg-simulation__jiasenl,0,128
AlchemyTutorial__Reldan,0,475
Alinone__bluedazzle,132,132
Anytracker__kossovo,17,229
ApplePi__phase,0,107
Aquaponics-Monitoring__pbieberstein,0,414
ArtNet__vra,0,141
AuthKit__nakato,0,130
Battleship-Plus__AmineAfia,136,136
Bibedit-some-refactoring__ppiotr,974,29
BoneDragon__JimJiangX,0,1475
CDAE__henry0312,0,101
CDS-Invenio-Authorlist__Markus-Goetz,776,0
CFD__gforsyth,11,110
CMPUT410-Project__awwong1,194,194
CRAB__bbockelm,198,202
CSTutor__xiongchiamiov,205,205
Camelot__jeroendierckx,225,105
Casam__SRabbelier,608,608
CasinoGame__asinghamgoodwin,0,131
Chaos__Chaosthebot,197,174
ChiLin__hanfeisun,163,163
Classified__mrngm,167,167
CloudVideo__hcarlsso,0,410
ConnectFactour__asinghamgoodwin,892,5
Convolutional-GRU-keras-extension-__imcomking,781,0
CouchPotatoServer-de__McNetic,287,21
CouchPotatoServer__CouchPotato,452,445
CoursePlanner__davoclavo,0,218
Cura__vivekanand1101,424,305
CursedGames__alexpaulzor,0,132
CythonCTypesBackend__rguillebert,171,10
Cython_python_backend__berdario,133,305
DBS__bbockelm,586,428
DJPhatEnchantah__kailevy,101,101
DVCNN_Lane_Detection__TJCVRS,8,120
Das_erpnext__hatwar,1127,0
DatawireExercise__orblivion,101,103
DeepLearningTutorials__lisa-lab,55,111
Dembor__mateuszdargacz,0,2475
Denoising-Dirty-Docs__pjadzinsky,26,114
DietNetworks__adri-romsor,157,0
DietNetworks__erakra,157,336
Dispatcher__NewpTone,0,110
Do_SPDX__pombredanne,584,15686
Dockerfiles__kadel,0,106
Drone-Racer__Kniyl,0,136
DrosCalciumAnalyse__dedan,42,168
Drupal-Top-100-Downloader__benhosmer,0,102
ERPNext2Alfresco__arizem,0,425
ERPNext_plus_Signaturit__ratskin,0,155
EXPL1__sbkolate,0,326
EatWhat__guori12321,127,127
EduTracTeamCalendar__lexqt,0,126
EncDecASR__dmitriy-serdyuk,76,253
Engine__aep000,159,0
Engine__jakesyl,160,25
EsquipulasPy__armonge,129,129
Eventlet__rdw,154,0
FTF__rhyspowell,728,731
FanFicFare__JimmXin,1992,1990
FishtankClient__jfmatth,131,21
FishtankServer__jfmatth,2,112
Flashlight__nate-parrott,2006,1879
Flows__BhupeshGupta,9,273
Flumotion-Transcoder__osiloke,25,129
Flumotion__ylatuya,358,297
GSN__yaoli,0,189
GSoC_2014__haikona,6916,2678
GYP__refack,416,2
GenieManager-erpnext__rohitwaghchaure,1059,0
Google-Contacts-API__skarra,103,0
HC-Erpnext__Tejal011089,1083,0
HTTP_Server__bharadwajyarlagadda,0,158
HappyTree__huntzhan,130,130
HealthNet__snoozan,112,112
Herd__russss,0,144
Hoggy__jeremysmitherman,5,109
Home-Assistant-Config__jawilson,0,551
Home-Assistant-Configuration__Tommatheussen,0,362
HootMentor__jQwotos,440,459
Horizon-Openstack__vanduc95,3018,3160
Hue-Integration-with-CDAP__lumig242,546,13
IGAN_MXNet__kevinthesun,5,101
IRVI__rdevon,92,121
IkaLog__hasegaw,173,190
ImageCaptioningAttack__huanzhang12,941,780
ImageNet-parsing-Python__amueller,0,158
Invenio-OpenAIRE__kaplun,948,156
InvenioAuthorLists__jmartinm,776,13873
Invenio__ppiotr,1011,6
JeSuisUnBot__duramato,0,107
Juck__AlirezaSadeghi,172,172
Karya-old__theawless,115,134
Kiitti.fi__Wing0,113,113
Kitsune1__feer56,801,0
Kitsune2__feer56,876,33
Knxproj2Linknx__condo4,0,110
LSTM-FCN__titu1994,387,387
Lasagne-tf__dementrock,140,0
Lasagne-tutorial__craffel,136,369
Lasagne__Lasagne,149,6
Lasagne__gyglim,144,0
Le-me-no-bot__sun,0,156
LearnSalt__markuskramerIgitt,0,213
LearningToRun__theSparta,0,136
Legislative_Parser__eykrevooh,547,586
Limnoria-test__ProgVal,1087,0
Limnoria__ProgVal,1089,6286
Litland-Read-Write-Platform__shreya796,0,159
LivingLogic.Python.xist__doerwalter,7,565
M2Crypto__emidln,0,363
MC933__felix-dumit,324,3
MCEdit-Unified__Podshot,443,440
MDmisc__mdedonno1337,0,111
MLSiml__pjh5,78,222
MOG__pombredanne,21818,363640
MOL__andrewxhill,231,230
MOSFiT__guillochon,84,166
MaLTPyNT__matteobachetti,0,121
MagnePlane__jcchin,1226,1188
Mailpile__mailpile,142,69
Matplotlib--JJ-s-dev__leejjoon,597,1614
MausverPyler__wonkoderverstaendige,108,0
MediaDwarf__pythonsnake,474,121
Medsyn2_app__Tejal011089,752,0
Medusa_1_6__FireBladeNooT,2041,702
Melange__SRabbelier,1439,115
MillionHeroAssistant__smileboywt,108,125
MindReader__zafarali,100,102
Minecraft-Overviewer__overviewer,171,139
Miro__cool-RR,630,615
Mobile__andreterron,0,321
Monocle__Noctem,166,71
Mtime__dongweiming,0,123
MultiQC__ewels,309,340
MyCloud__agamdua,0,232
MyGalaxy__RomainDallet,1966,627
MyRepo__salv-orlando,9949,56
NCATS__dkoslicki,142,140
NKI_NYU_Nipype__briancheung,107,107
NMT__kyunghyuncho,101,178
NMT__rizar,105,0
NOT_UPDATED_Sick-Beard-Dutch__schumi2004,425,173
Naaya__mihneasim,148,109
NeuroBehavior__bburan,181,194
New_Theme_Erp__rohitwaghchaure,1019,4
NiPypeold__satra,264,320
Notes__theparadoxer02,348,356
NovaOrc__luccacabra,15398,1029
OASYS1__ales-erjavec,317,557
OCB1__gdgellatly,27344,32
OCRF__ngoix,4069,5702
ODL_bgris__bgris,757,752
OE-Signatures__kergoth,9,331
OFF-RISAPP__saurabh6790,770,15
OFPatchPanel__torufur,241,0
OMS__roed314,105,340
ON-RISAPP__saurabh6790,770,0
OSQA__boothead,50,490
OctoPrint__foosel,183,55
OdooEduERP__JayVora-SerpentCS,108,166
OnlineJudgeSHU__lonelam,254,254
Open-DropOff__ericenns,155,155
Open-Knesset__navotsil,497,330
OpenERP-addons__xrg,1061,5455
OpenMDAO-CADRE__thearn,100,198
OpenPoGoBot__tehp,134,192
OpenProximity__manuelnaranjo,65,134
Opus__bmbouter,99,241
P2VV__GerhardRaven,810,810
PGSS__ZacharyDPozun,134,134
PORSRC__AnonymousDeveloper4201337,104,93
ParlAI__facebookresearch,340,526
PiTiVi__freesteph,134,1
PiTiVi__luisbg,171,2212
PiTiVi__yuvipanda,102,0
Pillow__python-pillow,415,876
Piston__MichaelBlume,137,0
Pitivi_Gargamel__Mathieu69,151,53
Pitivi__MathieuDuponchelle,196,36
PoGoMap__xroba,486,7
Pokefinder__bytewright,0,514
Pokemap__weissi1994,581,365
PokemonGO-IV-Renamer__Boren,0,104
PokemonGo-Bot__PokemonGoF,3044,4962
PokemonGo-Map__medghaim,416,69
PokemonGo-Map__scottstamp,438,0
PokemonGoMap__F1delis,482,0
Pokemon_Go_API__kevinpark1217,110,660
Poky__biannm,1729,0
Portage__nullishzero,340,0
Prank-Roulette__sagnew,521,2
Presentations__gargdeepak,0,159
Products.CMFNotification__izak,0,294
Products.PloneFormGen__smcmahon,103,95
ProjectUnite__steve88888,0,109
PyAuthServer__agoose77,134,134
PyBitmessage__Bitmessage,160,93
PyConference__barrachri,66,154
PyCraft__EcmaXp,0,179
PyDev.Debugger__fabioz,35,136
PyEmbed__TimSC,0,120
PyGMIN__js850,354,360
PyGerrit__Shrews,32,220
PySnip__NateShoffner,129,129
PySubtractionEncoder__kevensen,0,135
PyX-svn__mjg,98,141
Pyglet__adamlwgriffiths,426,79
Pyjoyment__dex4er,0,140
Python-Game-Tools__kitanata,109,2
PythonScripts__Jmainguy,0,103
Python__Ricky-Wilson,5974,0
Quantum-Packages__tylesmit,319,246
Ralybot__Jakeable,324,612
Ralybot__dmptrluke,286,0
Recipes__beyondwdq,0,553
Red-Cogs__Twentysix26,113,98
RedHat__flavour,479,0
Reddit-Test__thetrentus,505,0
Reddit__gitter-badger,505,1582
Renametitle__paurosello,0,158
RepRap-World-Tour__sjkelly,110,110
Reshaper__airekans,101,101
Roboism__markroxor,1825,1825
RocketMap2__Deewii,595,7
RocketMap__RocketMap,515,1232
S222_S13__aculich,18,196
SAIP__rparrapy,426,426
SA_test__Wombatpm,0,195
SDP-2016__pbsinclair42,222,222
SFG2D__deisi,27,104
SHA256__AwesomeTurtle,0,156
SRPA__Time1ess,159,183
STL__nursix,550,0
Saylua__LikeMyBread,82,199
Scryve-Webapp__blackrobot,108,108
Seq2Seq-PyTorch__MaximumEntropy,0,110
Seq2Seq_Upgrade_TensorFlow__nicolas-ivanov,1,129
SiCKRAGE__SiCKRAGETV,1679,4720
Sick-Beard-Mirror__sjengfred,209,37
Sick-Beard__midgetspy,206,397
SickRage__SickRage,2080,1718
SickRage__jackkiej,1853,0
SickRage_backup__gborri,1426,15
SideBarTools__braver,223,0
SimpleCV2__jayrambhia,164,0
SimpleCV__sightmachine,169,201
SimpleSeer__kscottz,183,375
SimpleSeer__rick446,168,0
SiriServer__Eichhoernchen,252,255
SmootLight__rcoh,260,257
Space-Train__irskep,155,306
Spotter__wonkoderverstaendige,138,26
StackLab-swift__NewpTone,329,73
Stem__GauthamN,106,0
StimuliVisualize__memimo,0,108
Storage__jakesyl,61,368
SublimeHighlight__n1k0,0,265
SublimeLinter-contrib-xsvlog__likewise,0,144
Sudoku-Solver__ayush1997,0,116
SuperBeards__LanceMaverick,110,4
Survive.Sac__sgammon,224,0
TCP-Ledbat__adeepkit01,1653,0
TL-1__marjev,0,126
TMD-Public-Site__sgammon,0,250
TPO__mfrlin,134,141
TaskManagement__luccacabra,93,266
TeX4Web-INVENIO__graphite,775,0
TftpPxeBootBareMetal__NoBodyCam,11555,1301
TheExpendables__xbtsw,1023,12
Theano__MatthieuCourbariaux,1073,0
Theano__Theano,2079,4354
Theano__jdemouth,1236,70
ThinkingInPython__BruceEckel,215,227
TinasoftPytextminer__elishowk,3746,3747
Toontown-Empire__AnonymousDeveloper4201337,5073,5088
Toontown-World-Online-Leak__malverde,17670,17683
Tribler-EternalWebPages-wxPhoenixTUPT__synctext,871,209
TuanTuan2.0__SilunWang,120,120
Turkey__flavour,478,0
Twitch-Plays-Scribbler__davepagurek,25,109
Twitch-plays-LSD-neural-net__317070,0,114
UnderFucking__cr0hn,1,1343
Vagrantfile__solooboroten,0,103
Vehicle_ReID__starimpact,0,126
Vignette__fhats,155,0
Vim_Eiffel_IDE__tioui,0,180
Vintageous__guillermooo,82,148
VisTrails__benb,577,84
VisionTest__SamCB,167,168
WMCore-OLDOLD__PerilousApricot,11987,12034
Waitlist__ayc19,0,622
Web_search_ajax__krngrvr09,0,158
Webified__lucian1900,50,122
WeedBot__nekosune,22,234
WhistlePig__peterbe,37,259
Whiteboard__shuvanon,0,152
Wolfbot__Vgr255,3,108
XLSForm-Debugger__asinghamgoodwin,0,756
XX-Net__XX-net,1184,1801
XeroAPI__jevonearth,0,325
Xpra__dscho,310,392
Xpra__zielmicha,122,40
Yumpy__onlynone,43,219
Zappa__Miserlo,169,156
ZipPy__wdv4758h,57744,57197
Zope__MatthewWilkes,2100,2789
Zope__baijum,2198,2373
_superset__JulieRossi,97,194
a10n__Pike,0,198
a2dp-receiver__tylerwhall,0,108
aabcde__marquiz,0,110
achus__orviz,10,336
acmhand__Liuchang0812,0,103
acms__sanyabt,163,2
acq4-documentation__pbmanis,629,452
adberp__rohitw1991,672,8
additions_mxnet__eldercrow,87,191
adk2__bkearney,1,178
aerofiles__Turbo87,0,102
aeronerp__pawaranand,1059,0
agar__xur,88,107
agronomy__mayur-patel,0,435
aherp__sbkolate,1479,0
ahfrappe__sbkolate,807,755
ahoy__di,149,149
aiamsori__luciotorre,158,156
aiclib__Cerberus98,3,486
aidiq__flavour,564,96
aimobilize-app-backup__saurabh6790,751,0
aimobilize__saurabh6790,763,0
aiohttp-1__arthurdarcet,395,166
aiohttp__aio-libs,480,16
airavata__fdemmer,0,173
airbox__frankjw,108,108
ajenti__Eugeny,193,0
ajenti__ajenti,252,418
akademia__koniiiik,0,215
akanda__rodis,97,2271
alec_frappe5_erpnext__rohitwaghchaure,1082,0
alert-med-app__saurabh6790,762,0
allauth__kangfend,263,8
allennlp__allenai,575,579
almahara__ahmadRagheb,1754,0
amcat__pombreda,25980,25763
amethyst__nya3jp,0,120
ammonite-feedstock__abhi18av,151,149
amqp_sandbox__SandyWalsh,0,327
amys_expander__fajpunk,0,133
anaconda__fabiand,652,2
anaconda__icomfort,389,1360
anaconda__kalev,429,77
anaconda__mairin,659,299
andreacometa-addons__scigghia,11,1006
androguard__jakesyl,19,325
angelvelasquez-crunchyfrog__angvp,437,874
angr__angr,680,541
anniesbot__gigglearrows,221,154
ansible-dc-ec2-tutorial__electroniceagle,0,170
ansible-docs__RobberPhex,18763,53
ansible-example-openstack-ceph__wtcross,0,177
ansible-for-devops__geerlingguy,0,162
ansible-gentoo-laptop__webknjaz,0,233
ansible-graphite__CharlesBlonde,0,121
ansible-hashivault__alvaroaleman,0,333
ansible-hydra__jcftang,0,135
ansible-local-setup__smiller171,0,134
ansible-modules-hashivault__TerryHowe,0,126
ansible-modules__muff1nman,0,330
ansible-playbook-debugger__ks888,0,233
ansible-playbooks__vmindr,4304,16
ansible-quagga__le9i0nx,0,106
ansible-repo-grapher__mtnbikenc,0,266
ansible-role-backupninja__sigio,0,142
ansible-role-elasticsearch__samdoran,0,427
ansible-role-habitat__jamessewell,0,186
ansible-role-mongodb__UnderGreen,0,242
ansible-role-redis__melodous,16,155
ansible-roles__davidfischer-ch,0,147
ansible-ses_receipt__tomislacker,0,242
ansible-tc__abelbold,0,217
ansible-training__thaumos,0,133
ansibleWorkspace__mpappas86,0,125
ansible__ansible,42729,40909
ansible__ernstp,29354,0
ansible_core__zarlant,866,35
ansible_demo_modules__jimi-c,0,101
ansible_foreman_module__agx,0,211
ansible_modules__garbled1,0,216
anytask__znick,107,111
aodh__chungg,1628,16857
aornfoxvalley__richardcornish,0,104
apex__cd34,67,118
apistar__encode,135,80
apm-python__ruflin,216,118
app-db__yangl1996,0,174
app-proxy__wpf710,117,177
appengine-ndb-experiment__pombreda,759,477
appliance-tools__Oneiroi,0,162
appscale__AppScale,352,249
aquavalet__Johnetordoff,373,410
arcade__pvcraven,110,109
argentum-py-server__alejolp,0,125
argus__tinybike,21,108
arl-scope__hboortz,133,129
arlab__pombreda,2970,2979
as__numpde,103,111
ase__askhl,422,1156
ase__jboes,377,108
ase__rosswhitfield,774,103
ase__slabanja,208,0
ase__yqshao,775,36
askbot-installed__hroncok,2,233
assetjet__peterbrook,102,102
assignment5__ds-ga-1007,423,69
assignment6__ds-ga-1007,1484,1760
assignment7__ds-ga-1007,1939,1548
assignment8__ds-ga-1007,2153,2125
assignment9__ds-ga-1007,1751,2249
assorted_old_messy_RBM_ICA_code__yosinski,0,145
ast-db-manage__russellb,0,465
astropy-prev__perrygreenfield,1837,0
astropy__astropy,2034,2200
asustor-pkg-utilities__fboudra,0,148
asyncpg__MagicStack,22,113
atdd-with-robot-framework__jussimalinen,23,115
atest__pmav99,640,1427
attention-lvcsr__rizar,50,266
aurbs__asdil12,0,121
authentic2__adie,111,218
authentic__BryceLohr,110,0
auto-sklearn__automl,391,447
auto-upgrade-helper__alimon,0,296
autogenerate-config-docs__fifieldt,4,260
autograd__HIPS,133,92
automation-scripts__fcooper,0,306
automation_mesh__janLo,0,149
autoshutdown__cas--,0,324
autosub__piiswrong,142,142
autotest-client-tests__ColinIanKing,749,1657
autotest__ColinIanKing,5125,3976
awecounting__xtranophilist,282,282
awesome_cart__sushantnadkar,1,166
aws-cli__aws,180,130
aws-cloudinit__henrysher,315,2
aws-serverless-examples__charliejllewellyn,2,304
awx__AlanCoding,642,0
awx__ansible,713,2254
azure-cli-scratch__derekbekoe,1292,1740
azure-webapp-publish__lmazuel,0,115
azure_dhcp__larsks,335,3770
babel__patrys,35,1164
backfire__pvo,18,961
backup_manager__kardmode,0,293
bakery-erpnext__arpitjain06,1192,0
bandit-ss__zeroSteiner,84,547
barbieri-playground__barbieri,0,362
baserock-definitions__palvarez89,169,0
baserock-morph__palvarez89,178,0
baxter_image_recognition__Kevin-Roberts,27,132
bayeshack__anabranch,998,0
bb__lwzm,0,188
bc-stv-voting-system__Hwesta,100,100
bcc__iovisor,413,294
bcfg2-old__solj,167,10
bcfg2__jcollie,160,397
bdblog__berdario,0,120
be__tlevine,49,108
beancount__mgax,4,167
beets__beetbox,429,314
bench_manager__waffle-iron,3,339
benchmark__dzhwinter,171,181
benchmark_tools__rdturnermtl,126,128
benchmarker__heckj,0,1496
bereg_cn__pivolan,653,0
bidr_project__kavdev,181,181
bigchaindb__bigchaindb,773,796
bigquery-e2e__j450h1,25,100
bilean__lvdongbing,0,155
bin__ashleyh,0,149
biopython-2__saketkc,381,692
biopython-old__saketkc,418,20
biopython__biopython,531,61
bitbake__kscherer,421,1421
bitbake__madisongh,415,112
bitbake__martiert,134,0
bitbake__twoerner,205,0
bitbucket.org-birkenfeld-pygments-main__pombredanne,75588,170543
bitket__ovidner,113,113
bitpim__qbx2,106,106
bitten-indico__pombredanne,29,117
blaze__blaze,972,1151
blender-addons-contrib__black-puppydog,184,162
blender-addons__FreakTheMighty,390,85
blender-addons__bwrsandman,371,498
blender-addons__lukastoenne,124,6
blender-bake__brianpeiris,0,115
bliss__tiagocoutinho,444,399
blocks-fork__bartvm,1055,488
blockstack-core__blockstack,454,308
blog__dhanus,0,116
blue-old__hschilling,2049,3330
blue_old__naylor-b,395,4
bm_poseur__umago,1,218
bme__cjs,2652,2928
boartty__jeblair,8,346
bob.db.gbu__183amir,1,161
bokeh__bokeh,2553,1601
booking__britlog,0,196
boomer__clusterfudge,176,118
bootstrap-vz__andsens,244,70
boto__boto,993,452
bower-cache__Tinche,0,137
bowlerdeals__dsharkey,0,140
bpbible__PiRSquared17,71,119
brainiak_api__bmentges,980,976
brainstorm__IDSIA,224,173
brewlog__zgoda,0,118
brick__e0ne,9,677
bryanoakley-robotframework-linenumbers__silviot,106471,110635
brython__brython-dev,1061,106
bs__zhurongze,2,565
bsdstack__novel,0,111
buildbot-configs__catlee,657,678
buildbot-jscert__IgnoredAmbience,0,164
buildbot__buildbot,2155,1359
buildbotcustom__catlee,299,292
buildbotcustom__simone-mozilla,102,0
buildout-experiments__pombredanne,75,111
burrow__emonty,1,407
buyback-erpnext__hatwar,1118,35
buyback-frappe__hatwar,534,0
buzzclitester__buzztroll,0,104
bx-python2__pombredanne,44,213
bzr-gtk__jelmer,87,156
bzr-pre-commit-hook__jk0,0,150
bzr__stewartsmith,3178,2988
calebj-cogs__calebj,3,113
calendarserver__red-hood,41646,45551
calendarserver__trevor,4920,922
calibre__kovidgoyal,2037,1613
callgraph__gnprice,0,127
camelot__kurtraschke,118,236
cas__jcmcken,0,202
casa-python__pkgw,325,325
casino_scrapers__aaronlelevier,589,519
catapult__huanghao,0,239
catawampus__mhils,59,154
cats_vs_dogs__dmitriy-serdyuk,0,152
cbcbeat__meg-simula,1062,1317
cbcbeat__minrk,280,25
cc-django__lanshark,26,161
cc-mem__sameo,0,125
cc__sorenh,117,529
cctbx_fork__keitaroyam,2476,1764
cctbx_project__ndevenish,3467,3567
cdn1__obulpathi,85,126
cds-invenio-vengmark__l0b0,684,139
cds-invenio__lbjay,690,0
cdscrobbler__rossburton,0,160
cefpython__kryskool,25,125
ceilometer-horizon__suyan,4,231
ceilometer__yanheven,866,6
celery-tiles__fladi,0,126
celery__celery,1283,283
celery__hugo-aa,827,0
celery_source_kombu__strawposter,1053,0
cerbero-2013__jackjansen,309,2473
cerbero-old__nirbheek,314,1
cerbero__brion,311,7
cerbero__jackjansen,312,9
cerbero__lubosz,316,0
cerbero__nirbheek,316,8
cerbero__nzjrs,311,0
cerbero__ylatuya,311,0
certbot-asa__chrismarget,0,153
certbot__certbot,1591,3964
certbot__sch,1338,0
certbot_borked__sc-perth,1188,0
cffi__tharvik,3418,3955
cfn-cloudformations__ssummer3,0,146
cgt__josch,48,121
chainer__chainer,4779,3068
charm-ceilometer__lborda,262,759
charm-hacluster__gnuoy,69,241
charm-keystone__ajkavanagh,535,1444
charm-keystone__thedac,260,12
charm-mysql__marcoceppi,75,385
charm-neutron-gateway__thedac,174,624
charmhelpers__whitmo,476,814
check_mk__dago,22,107
check_mk__huiyiqun,226,128
check_mk__xorpaul,82,128
check_mk_agent__linvictor88,0,120
checkbox__Roadmaster,626,772
checkmate__dlespia,0,425
cherrypy__diegofcoelho,8335,8133
cherrypy__novas0x2a,59,225
chillaxd__ylamgarchal,0,204
chimera_imported_googlecode__wschoenell,104,108
chiplotle__drepetto,126,126
chirp.hg__tylert,101,31
chirp__stephengroat,92,208
chng__zqad,0,324
chordsheet-converter__lanky,1436,1441
chrome-buildbot-sprint__mithro,48,130
chromium-build__mithro,4214,284
chromium-infra__mithro,3921,5296
chromium-trunk-build-override__lukeweber,296,921
chromium.googlesource.com-chromium-tools-depot_tools__pombredanne,731,4634
chromium_build__yjbanov,3698,0
chromiumos.chromite__chadversary,655,0
chronotank__tartley,175,175
cida__devcurmudgeon,165,106
ciel-skywriting__mrry,50,133
cinder-agent-poc__e0ne,0,216
cinder-violin-driver-havana__rlucio,0,264
cinder__bswartz,8122,868
cinder__eharney,9986,37895
cinder__freedomhui,254,414
cinder__leilihh,6412,63
cinder__rnirmal,245,472
ckan__ckan,1424,1888
ckan__icmurray,944,331
ckantest__kindly,337,1
clapper__rthallisey,28,107
class2go_stanford_online__btat,1289,1164
cleverhans__tensorflow,468,430
cli__whilp,0,244
clinicfrappenew__sbkolate,927,151
clinicnewerp__sbkolate,1662,0
clo-summit__yesudeep,7,186
cloud-init-fedora__oourfali,0,277
cloud-init-patches__larsks,350,85
cloud-init__ader1990,352,0
cloud-init__baude,677,0
cloud-init__dmsimard,0,147
cloud-init__larsks,705,82
cloud-init__lorengordon,366,0
cloud-init__prometheanfire,342,33
cloud-init__rski,347,0
cloud-mailing__ricard33,0,216
cloudman__jmchilton,150,293
cloudman__nturaga,1702,1868
cloudservers-api-demo__chmouel,0,151
cmle_simple__jlewi,0,108
cmps140_creative_cooking_assistant__JoshRosen,71,142
cmsplugin-feedlist__beniwohli,0,109
cns186_project__eamartin,0,267
coala__coala,1002,722
coapy__pabigot,0,100
cobalt-svn-old__ido,121,121
cobalt__ido,626,632
cobbler-2.x__javiplx,209,0
cobbler-larsks__larsks,177,1076
cobbler__akesling,135,21
cobbler__cobbler,287,80
cobbler__icomfort,180,0
cobbler__pvreman,181,0
cobbler_enhance__niuzhenguo,0,131
cocos2d-mirror__eevee,109,228
codefellows_f2_python__cewing,707,636
codeintel__rmccue,29,326
codespeed__tobami,29,104
codimension__PiRSquared17,406,582
codimension__SergeySatskiy,176,0
comp3001__patricknaish,159,154
compose__docker,231,99
compshop__kevgathuk,0,151
conan__conan-io,371,206
conda-parity-checker__nehaljwani,0,141
conda__conda,1113,717
conduit__arsfeld,156,163
conduit__nzjrs,151,115
conference__ijstokes,113,33
confine-controller__glic3rin,515,676
conll16st-v34-focused-rnns__gw0,0,103
connectors__guewen,0,172
console__yanheven,1803,0
contentmirror__kapilt,69,107
contributionerp__gangadharkadam,1081,0
cookiecutter__audreyr,148,46
cookiemonster__andkon,0,146
copr-deb__hnakamur,0,142
copr__evilkost,115,121
core-hq__kennknowles,778,1093
corporate__Neamar,343,350
cortex__mattvonrocketstein,395,414
course-builder__andredias,220,0
course-builder__dani14-96,240,0
course-builder__jean,241,798
coursera-crypto-exes__berdario,0,153
cptdevops__adrianmoisey,199,0
cpython-ci-test__dstufft,6154,0
cpython-experiments__orsenthil,6035,0
cpython-modified__PiJoules,6074,0
cpython-test__louisrawlins,6008,0
cpython__akheron,6308,0
cpython__eliben,6190,0
cpython__jpakkane,6069,0
cpython__mossmaurice,5538,0
cpython__pombredanne,4772,0
cpython__python,7066,315
cpython__reingart,5848,0
cpython__vpalatin,3455,627
crap__mancdaz,0,334
crawley__jmg,141,131
crcache__rbtcollins,0,115
crops-base-container__bavery22,0,376
crops_webhook__halstead,0,170
crostestutils__houstar,47,122
crowdflower-search__skrypka,7,487
crunchyfrog__andialbrecht,437,0
cryptography__pyca,449,401
cs188__naderm,102,112
cs3240-s15-team09__jbarrow,118,105
cs373-idb__sandan,180,180
cs429__nhandler,211,212
cs562w16__agroce,3759,3759
cs569sp16__agroce,4212,4212
csc309-Summer-2015__paulkirow,129,129
cse491-serverz__ctb,592,594
csmcode__anirudhSK,731,731
csrec__sergeyk,140,66
csvkit__wireservice,104,99
ctree__mbdriscoll,233,237
cuckoo-modified__brad-accuvant,182,57
cufflinksviewer__sauloal,0,1209
current__capybaralet,0,575
cutplace2__butterhirsch,113,0
cutplace__roskakori,117,343
cvs-pyrpm__pombredanne,88,202
cvs__Lothiraldan,391469,491301
cx_Freeze__anthony-tuininga,473,438
cyg-apt__nylen,30,154
cyrax__piranha,0,113
cython__cython,402,90
dabbler__gitter-badger,113,99
dak-dep11__ximion,258,1
dak__evgeni,239,1531
dak__julian-klode,263,0
dak__lamby,263,112
dak__ximion,263,0
daniel_frappe__khatrijitendra,792,0
daoist_protocol__ebuchman,150,224
darbud__mateuszdargacz,2472,3
dash_billing__jaypipes,2,170
dask__dask,371,278
datamine__aorzh,0,302
dave__barentsen,104,104
dcos-experiments__orsenthil,196,318
dcos__dcos,229,45
dd-agent-mychecks__n0ts,0,196
deap__DEAP,234,243
deb-bootstrap-vz__myhro,199,373
deb-openstack-keystone__sileht,1658,5336
deb-openstack-nova__sileht,10329,2674
deb-openstack-python-keystoneclient__sileht,7,121
deb-openstack-quantum__sileht,412,9623
debat_site__ivanchenkodmitry,101,96
debian-ansible__hlieberman,58,358
debian-home-assistant__rubund,0,654
debian-pkg-sugar-toolkit-gtk3__tchx84,632,3
debian-pkg-sugar-toolkit__tchx84,610,14
debian-pkg-sugar__tchx84,896,56
debian-qa__nonas,7,368
debian-statsmodels__detrout,806,1850
debian-svtplay-dl__olof,72,293
decentralized-mortgage-market__Jumba,233,0
decentralized-mortgage-market__egbertbouman,250,494
deepcpg_keras__cangermueller,855,4083
definitions__bashrc,43,638
definitions__devcurmudgeon,176,81
definitions__jamespthomas,155,0
definitions__nuxeh,199,2
definitions__padrigali,186,196
deis-controller__aledbf,182,67
deis-workflow__aledbf,118,12
deis__deis,90,275
delorean-specs__derekhiggins,49,7532
deluge__jamielennox,547,555
democracygame__spreeker,632,646
demux__zyluo,0,565
deploying-applications-with-ansible__Eronarn,0,124
depot-tools__yzgyyang,758,46
depot_tools__173210,694,0
depot_tools__AndrewJDR,584,0
depot_tools__Chilledheart,339,0
depot_tools__Passw,755,0
depot_tools__bdero,694,0
depot_tools__chinmaygarde,578,0
depot_tools__cybertk,328,0
depot_tools__fracting,581,0
depot_tools__jankeromnes,136,0
depot_tools__kaiix,590,0
depot_tools__primiano,707,0
depot_tools__sunpoet,716,0
designate-testing__cneill,508,686
designate__melodous,241,2502
designate__richm,213,0
dessert__vmalloc,535,649
devide.johannes__cpbotha,178,207
devmate-mz__marcinowski,0,122
devops__fdupoux,0,251
devstack-gate__bhuvan,56,854
dguitarbite__dguitarbite,0,141
dials__ndevenish,1290,1548
dianjing__yueyoum,158,158
dierentheater__Psycojoker,0,142
diffoscope__kumbayo,108,0
diffoscope__yzgyyang,177,703
digitales_erpnext__Tejal011089,1017,0
digitales_erpnext__rohitwaghchaure,1027,0
dir2podcast__wolever,0,116
disco-dop__andreasvc,0,170
discoursebot__DGalt,1,143
disease-crawler__narzeja,119,119
distrodelta__suihkulokki,0,115
ditty-box__matelakat,0,107
dj-docue__kevgathuk,0,130
django-1.11-zappa__FlipperPA,9677,14600
django-all-access__mlavin,0,129
django-allauth__pennersr,314,167
django-autoslug-field__aljosa,0,732
django-boardinghouse__luzfcb,57,100
django-book__mariuz,0,171
django-braces__brack3t,31,174
django-cacheops__Suor,8,115
django-clone-classic__ABaldwinHunter,8000,0
django-clone__ABaldwinHunter,8000,0
django-cms-grappelli-old__jalaziz,1100,1047
django-cms-roles__kux,2,391
django-cms__divio,2984,723
django-compositepks__dcramer,4496,5520
django-compressor__django-compressor,84,244
django-content-editor__matthiask,214,177
django-crowdsourcing__dbenamy,143,333
django-crowdsourcing__smulloni,143,0
django-currency-rates__jrfernandes,0,354
django-custom-multisite__riklaunim,1476,3
django-daguerre__melinath,6,114
django-debug-toolbar__jazzband,154,225
django-docs-from-tests__AndreaCrotti,0,101
django-drop__chriscauley,109,3
django-extensions__django-extensions,435,482
django-facebook-extensions__aljosa,0,203
django-fobi__barseghyanartur,9,100
django-haystack__django-haystack,51,104
django-hoptoad__sjl,5,123
django-hvad__KristianOellegaard,84,116
django-image-filer__stefanfoulis,14,154
django-jsonfield__chrismeyersfs,47,102
django-jython__beachmachine,1,158
django-localflavor-us__myusuf3,6,431
django-mailserver__telenieko,0,172
django-markupfield__jamesturk,3,122
django-migrate-project__dsanders11,0,101
django-model-deploy__juanpex,0,161
django-nonrel__adie,2631,111
django-nonrel__flaper87,826,2788
django-notification__brosner,64,107
django-oopviews__zerok,0,180
django-openid__simonw,4,175
django-optimistic-lock__gavinwahl,0,133
django-orchestra__glic3rin,133,155
django-oscar__django-oscar,1076,1205
django-pachyderm__chrislawlor,0,123
django-page-cms__akaihola,81,114
django-pdns__jochem,0,199
django-photologue__jdriscoll,15,119
django-piston-1__pombredanne,378,80
django-piston3__userzimmermann,137,0
django-piston__AMeng,376,10
django-piston__EmilStenstrom,2216,4637
django-piston__MeirKriheli,137,0
django-piston__acttao,137,0
django-piston__adie,136,0
django-piston__egrim,195,0
django-piston__imcj,137,0
django-piston__imran2140,137,0
django-piston__jweiher,137,0
django-piston__mpessas,137,0
django-polymorphic-ng__WhyNotHugo,24,130
django-registration__dinie,214,254
django-registration__ubernostrum,8,118
django-rest-framework-0.4__mjumbew,379,364
django-rest-framework__encode,1440,314
django-reversion__etianen,40,148
django-sandbox__bak1an,0,188
django-shop-old__rfleschenberg,97,170
django-shop__awesto,312,106
django-social-auth-norel__antoviaque,133,0
django-social-auth__omab,204,157
django-south__fdintino,307,349
django-sphinxdoc__yujunz,65,100
django-sqlserver__denisenkom,0,146
django-startup__1st,0,169
django-staticfiles-override__elprans,0,122
django-statici18n__zyegfryed,1,102
django-steps__pahaz,262,258
django-storages__cherepski,1583,2242
django-storages__jschneier,297,4
django-storages__vinitkumar,277,0
django-tastypie__django-tastypie,177,89
django-travis-ci__chrishas35,1441,0
django-twilio__rdegges,7,137
django__akaihola,4739,103
django__django,19267,10443
django__mammique,2108,0
django__skevy,1256,1711
django_girls_blog__lgh2,0,115
django_openstack_auth_proto__dan1,23,218
django_test__leekchan,6618,0
djangogirls_blog__olasitarska,0,146
djangopeople.net__simonw,21,178
djangosaml2__knaperek,76,149
djangosample__jlund,0,126
dnf-yocto__leimaohui,168,97
docker-carpentry__manics,1,896
docker-py.orig__shin-,91,133
docker-py__docker,127,0
docker-registry__docker,104,97
docker__robwilkes,0,135
dockstack__Shrews,0,106
docs-toolchain__yangl1996,1,161
docutils-oldmigraton__tony,417,2121
docutils__brechtm,240,0
docutils__davidfraser,239,0
docutils__jangsutsr,270,0
docutils__msnoigrs,270,0
docutils__ralsina,270,0
docutils__wdv4758h,461,104
docutils_from_svn__msabramo,242,3
dogs_vs_cats__julianser,0,104
domotica__glpatcern,0,111
donce__tianhuil,0,114
dotfiles__esn89,0,101
dotfiles__jfchevrette,0,149
dotfiles__thatneat,0,137
dotfiles__tonk,0,323
dotfiles__whilp,0,129
dough__zyluo,0,1424
draft-statsmodels__matthew-brett,179,53
drkcm__nursix,552,0
drops__flaper87,0,120
drstack__dtroyer,0,631
dsa-mq__sgran,0,246
dsusa__oraclebill,233,240
dtella__infinity0,74,131
dturmscrap__aktech,0,138
duplicity-sx__andreagrandi,0,149
duty-calls__isaacdontjelindell,217,217
dxf2gcode__msutas,159,159
dynamic-ec2reservation__highlyunavailable,0,152
dynamic-inventory-funhouse__rasputnik,0,144
e-commerce__oosthuizenb,260,0
easyengine__EasyEngine,68,269
easyhg__sebastien,0,740
eboersmasite__EricBoersma,0,130
ec2-cluster-with-mpi__stsievert,0,101
ec2mdfs__xdgc,0,135
eclipse-crops-build-container__moto-timo,0,104
ecm__rjarry,284,307
ecs-ecr-tools__ahamilton55,0,201
eden-message_parser__ashwyn,198,0
eden_deployment__gnarula,473,3723
eden_sales__phamviet,0,154
edx-buaa__louyihua,0,133
edx-platform__edx,36494,34219
edx-platform__morenopc,9489,5525
edx-platform__olexiim,12221,2203
eho-horizon__Frostman,959,9
election__jeblair,0,122
electrum-debian__schinzelh,0,167
electrum-fjc-2.9.5__fujicoin,335,0
electrum-fjc-3.1.2__fujicoin,393,0
electrum-fjc__fujicoin,348,1
electrum-myr__cryptapus,322,59
electrum-myr__wozz,275,875
electrum-nogui__mariogrip,119,0
electrum-nvc__CryptoManiac,121,0
electrum-uno__cryptapus,307,0
electrum-vert__wozz,116,27
electrum__spesmilo,424,1089
elixir__gjhiggins,28,116
elytics__faizan-barmawer,680,118
emerge-1__pombredanne,759,1418
enhanced-view-synthesis__ajgupta93,133,133
eni-ansible__Yannig,0,403
entropy__liu-sheng,0,1325
ericsnowcurrently-importlib2__pombredanne,0,223
erp-bb__pranalik,1007,0
erpnext-1__patilsangram,2019,0
erpnext-opencart-api__nathando,0,660
erpnext-receipher__rohitwaghchaure,1066,0
erpnext__frappe,2578,83096
erpnext_smart__rohitwaghchaure,1013,0
erpnexttest__ahmadRagheb,1664,0
esl-errors__epavlick,0,104
esphealth__jmcvetta,708,737
essig__ekohl,0,123
eventlet__tavisrudd,126,0
eventlet_x__edwardgeorge,193,259
examples__pytorch,260,388
examples__szagoruyko,84,164
examples_prepublic__adamlerer,121,69
execnet-test__RonnyPfannschmidt,179,1007
extra-specs__josephsuh,10769,0
extra-trees__allrod5,105,105
eyeD3__nicfit,240,240
ezdxf__mozman,112,109
face-comparer__alej,0,216
facedet__ballasn,220,258
facet-calibration__tammojan,533,1433
fail2ban__fail2ban,138,116
fairy-slipper__russell,8,131
faker__joke2k,172,187
falcon__falconry,81,101
fanme__emilioramirez,507,507
faraday__infobyte,152,146
fast-downward-mirror__danfis,1016,140
fast-downward__danfis,803,1146
fast-news__nate-parrott,23,108
fb1__rahul1,0,114
fbackend__Aranjedeath,273,1292
fcm__jfrelinger,192,1
fcm__whitews,204,27
fedora-infrastructure__tyll,216,220
fedora-koji-scripts__hrw,0,147
fenle__wang111chi,107,107
fenykepalbum__matelakat,0,138
fib_lucas__ChristopherSClosser,778,0
filesystem__nailor,78,155
firedoc__ColOfAbRiX,0,118
fl-pkgs-web__zhangsen,0,143
flake8__wdv4758h,25,241
flashproxy__infinity0,81,246
flask-admin__flask-admin,100,57
flask-clone-classic__ABaldwinHunter,177,0
flask-router__cybertoast,0,183
flask__pallets,267,114
fleet_management__dalwadani,0,1229
flickrstock__omarkhan,0,118
flisol-connect__ikks,3,117
flocker-profiles__wallnerryan,1107,0
flocker__ClusterHQ,2110,3189
flow-platform__Kudo,321,321
flumotion__offlinehacker,387,0
flumotion__pepribas,389,863
fmg_tools__mollygibson,0,123
fmriqa__poldrack,0,123
focus__frecar,182,132
foosball.ninja__takac,0,102
formal__atomatt,45,101
formalchemy__pombreda,55,109
forth.ai.homepage__junhua,2323,2323
foxlearner__sorcio,920,917
frappe-demo__smorele,0,127
frappe-login-face-detection-__ahmadRagheb,1184,82
frappe_analytics__yashodhank,0,303
frappe_internal__rohitw1991,893,0
frappecontribution__gangadharkadam,529,0
frappemahara__ahmadRagheb,943,0
frappetest__ahmadRagheb,929,0
frobo__KristofRobot,0,213
fuel-cert__koder-ua,955,0
fuel-check__AlexeyKasatkin,794,0
fuel-ostf-tests__gtt116,89,416
fuel-web__loles,970,863
fuel-web__stgleb,1011,4001
func-alikins-devel__alikins,202,1353
func-ralphbean-devel__ralphbean,204,0
func__caglar10ur,209,0
func__ixs,201,0
func__makkalot,198,0
func__mpdehaan,187,0
func__ssalevan,202,0
functest-mirror__georgepar,207,94
functest__MatthewLiHW,104,149
gae_base_django_gdata_cmf__pivolan,0,653
gaia-ui-tests-1__malini,420,846
gaia-ui-tests__sashakruglov,427,6
gajim__lheckemann,240,215
galatea__goodfeli,1223,3091
galaxy-beta2__natefoo,1286,5111
galaxy-central__gmauro,1286,45
galaxy-central__jmchilton,1476,415
galaxy-data-resource__blankenberg,1289,33
galaxyhack2017__cganote,1820,0
gam3__eriknelson,20,118
ganeti__badp,810,471
ganeti__damoxc,390,15
ganeti__ekohl,222,710
gantt__n0ano,5776,148
ganttclient__n0ano,4286,345
gar__yannrouillard,167,2
garter__mystor,6062,3
gasustainability__valkyriesavage,0,100
gatemine__sdague,0,414
gc3pie__bringhurst,432,1120
gc3pie__ewiger,618,471
gc3pie__goerz,743,184
gcc-python-plugin__davidmalcolm,7,180
gce-maintenance-alerts__peterfschaadt,0,150
gci__sammyshj,332,0
gco_python__amueller,0,240
gd-erp__suyashphadtare,1039,0
gdata-python-client__nickpack,103,0
gdata-python-client__singingwolfboy,95,286
gdata-python3-client__9gix,103,12
geeknote__VitaliyRodnenko,46,249
generator-yo-django__egasimus,0,104
genshi__dag,11,104
genshi__hodgestar,84,103
gensim__RaRe-Technologies,374,325
gentoostats__gg7,25,190
geonode-safe__ingenieroariel,148,122
gerrit-dashboard-nfv__sbauza,0,114
gerritx__emonty,22,223
gevent-websocket-3k__aisk,51,122
gevent__gevent,195,182
ggeocoder__lmwang9527,0,220
ggpy__yhat,252,433
gilectomy__larryhastings,6395,161
gip__holzman,201,201
gis-alerts__avances123,0,113
git-buildpackage__agx,70,114
git-crecord__andrewshadura,0,640
git-git.fedorahosted.org-git-pyrpm__pombredanne,81,238
git-repo__darrengarvey,23,275
git-stuff__manzikki,705,4
git-things-done__Osndok,193,0
git.launchpad.net-cloud-init__pombredanne,373,0
git_time_spent_tracking__mcsalgado,0,138
gitbrowser__eseom,0,136
gitfs__PressLabs,103,103
gitman__jackmitch,0,136
gitnamed__pubyun,0,259
gitoriouslib__locke105,0,214
glacier-cli__xsuchy,0,138
glacier_exp_py__dmiyakawa,0,268
glance.store__flaper87,0,363
glance__emonty,174,1325
glance_store__cindy,24,262
glideinWMS__holzman,324,847
glideinwms-old__holzman,306,0
glosel-erpnext__ravindra-lakal,1243,0
glosel-frappe__ravindra-lakal,705,0
gluon-tutorials-zh__mli,123,123
gmapcatcher__jakesyl,29,170
gnome-development-monitor__nzjrs,0,132
gnome-i18n-manage-vcs__simos,0,103
gnuradio__yuukari,269,254
goblin__praveen97uma,0,528
goldenHR__ahmadRagheb,2013,0
golem__golemfactory,1626,1593
golismero-legacy__cr0hn,1630,285
gomoku__vaxXxa,0,166
goo__JSchwerberg,118,131
google-api-python-client__bboogaard,572,0
google-api-python-client__bedros,572,0
google-api-python-client__bradleybossard,572,0
google-api-python-client__fmoga,155,0
google-api-python-client__google,310,262
google-api-python-client__kmonsoor,1334,4569
google-api-python-client__mdornseif,155,0
google-api-python-client__mvanveen,572,0
google-api-python-client__oonid,572,0
google-api-python-client__shahar84,572,0
google-api-python-client__vinitkumar,572,0
google-app-engine-samples__akiray03,95,1163
google-cloud-flask__LubergAlexander,0,145
google_api_integration__paurosello,0,235
google_appengine__Arachnid,860,862
googlecl__TomMiller,76,312
googlecl__joeythesaint,76,144
got-your-back__jay0lee,0,157
gpaw-rtxs__ajylee,156,187
gpg-stuff__yosef-cloud,0,159
gps__cbfinn,370,309
grako__vmuriart,129,131
gramps-addons-code-svn__daleathan,173,173
granite__smoser,0,550
graphene__graphql-python,140,84
graphserver__MaxBo,118,183
graphserver__bmander,152,76
grit__elprans,27,130
group-based-policy__baodongli,673,163
grr__google,260,164
gst-editor__emdash,0,432
gtg-services__pqrth,249,566
gtml__gwthomas,0,173
guidata__PierreRaybaut,154,2
guidata__pombreda,199,387
guiqwt__HaMF,510,680
gummy_panzer__linkinpark342,203,203
gunicorn__benoitc,129,69
gxzw-nova__jeckxie,34154,0
gyldnesnit__thorlund,149,149
gym-sandbox__suqi,107,183
gym__openai,428,440
gyn__saghul,433,6671
gyp-override__lukeweber,273,0
gyp3__Photonios,409,0
gyp__AWhetter,418,0
gyp__Chilledheart,409,0
gyp__bdarnell,279,0
gyp__bnoordhuis,432,19
gyp__cysp,414,0
gyp__gibfahn,414,0
gyp__mistydemeo,357,0
gyp__omasanori,357,0
gyp__rib,414,0
gyp__sfiera,147,0
gyp__springmeyer,408,0
gyp__vvavrychuk,414,36
gyp__xpol,414,0
gyp_unofficial__bulldy80,409,0
h5bp-template__malept,0,107
ha-config__jnewland,0,119
ha-custom-components__bimbar,0,170
hack-through-ssh__apirobot,0,125
haikuporter__dnivra,8,317
hangoutsbot__das7pad,168,159
harmony_test__miljank,0,102
hass_gearbest_sensor__HerrHofrat,0,118
hass_telepot__sander76,0,160
hausdorff_scipy__tylerjereddy,2194,0
hd44780__anupamk,0,162
headerecho__ivangonekrazy,0,362
headphones__rembo10,449,282
healing-os__lcostantino,43,385
heat-cfnclient__steveb,0,323
heat-cfntools__steveb,345,115
heat-jeos__sdake,353,1297
heat-scratch__cwolferh,5428,12669
heat-tempest-plugin__ricolin,97,253
heat1__grebennikov,5384,106
hedge__inducer,179,187
herder__jerrykan,114,167
hg-git__dlax,2240,5154
hg-git__schacon,186,5
hg-prompt__qqshfox,0,257
hg-stable__vmg,356951,240509
hg__dscho,5848,39
hh-office__dckc,9,252
hiero-decoder-py__pengli09,0,504
hitman__kachok,331,226
hk-aqhi__zqfan,0,366
hkwi_seeds__hkwi,4,401
home-assistant-config__hmn,1,198
home-assistant-release__patchedsoul,13491,0
home-assistant__home-assistant,22585,25959
home-assistant_config__Danielhiversen,7,245
home__acaire,0,188
homeassistant-config__Chris-V,0,294
homeassistant-config__arsaboo,0,125
horizon-billing__aababilov,0,444
horizon-congress__aaronorosen,2006,8344
horizon-monitoring__cznewt,122,70
horizon-proto__dan1,2715,17
horizon-x509__dan1,2969,0
horizon__chenyingnan,3267,333
horizon__ohnoimdead,323,13
horizon__xme1226,2255,0
horizon_lib__mrunge,2235,0
hotspotter__Erotemic,264,267
hotzenplotz__NewpTone,0,955
hpk42-execnet__pombredanne,179,0
hred-attention-tensorflow__tscheepers,139,114
http-googleappengine.googlecode.com-svn-trunk-python-__pombredanne,109,445
http-hg.logilab.org-review-nazca__pombredanne,25,115
http-jur-linux.org-hg-conary-__pombredanne,85300,85376
http-svn.code.sf.net-p-spambayes-code-trunk__pombreda,477,559
https-chromium.googlesource.com-chromium-tools-build__pombredanne,4200,11990
https-chromium.googlesource.com-chromiumos-chromite__pombredanne,2096,2717
https-chromium.googlesource.com-external-gyp__pombredanne,414,0
https-gerrit.wikimedia.org-r-pywikibot-core__pombredanne,575,2052
https-gitorious.org-appstream-software-center__pombreda,1204,1033
hue__cloudera,1909,1864
humble-media__vladimiroff,120,69
huntercamp_erpnext__Tejal011089,1075,0
hy__hylang,102,252
hydrat__eyadsibai,194,194
hydropick__dpinte,85,209
hypothesis-python__HypothesisWorks,442,227
hytra__chaubold,91,100
iana-etc__Mic92,0,161
ibpy_old__sjev,58,225
icfpc2014-tbd__Vlad-Shcherbina,230,230
icfpc2015-tbd__Vlad-Shcherbina,502,511
icfpc2016-tbd__Vlad-Shcherbina,206,244
icloudplatform__Bart274,0,190
idempotent-proxy__timurb,0,160
ididthis-python__gravyboat,0,116
idiopidae__zedshaw,0,212
idmapshift__ramielrowe,0,137
ifind__leifos,425,419
ifrc__flavour,551,451
ifrc_prod__flavour,552,0
ifrc_qa__flavour,534,0
ift6266__harmdevries89,0,102
ifvm-steganography__jashgala,114,135
igep_qa__eballetbo,0,772
ignite2017__nitzmahone,0,112
ilastik__martinsch,1076,1043
image-man-service-pro__mainul94,0,325
imagecreator__craigtracey,0,104
imaplib2__bcoe,0,155
imbalanced-learn__scikit-learn-contrib,97,130
impacket__CoreSecurity,272,570
impacket__Hormazd,182,0
impacket__pombreda,182,0
incc__Laski,734,734
inception__maoy,0,115
incubator-airflow__apache,1733,1177
incubator-mxnet-bk__huangzehao,2346,0
incubator-mxnet__apache,2958,3970
incubator-superset__apache,214,77
indico-backup__pferreir,511,487
infinity__pirave,1075,10
infra_ansible__evilkost,152,261
infrastructure__benjamb,164,2
innoworth-app__rohitw1991,732,511
inspire-dev__jrbl,17,560
inspire__nkalodimas,44,199
installment__ahmadRagheb,0,115
internal-hr__mbauskar,894,62
inumuta-modules__maxpowa,117,54
invenio-master__jmartinm,1174,1788
invenio-metandrey__metandrey,749,0
invenio-unicorn__drjova,0,144
invenio__Dziolas,1179,0
invenio__fjorba,942,0
invenio__jrbl,967,228
invenio__nkalodimas,1303,293
invenio__pombredanne,706,261
invenio__robk5uj,810,0
invenio__valkyriesavage,765,0
inventwithpython3rded__asweigart,205,205
io-kawiarnie__VirrageS,100,100
ip_web_addons__maxmumford,0,144
ipc-demo-submission__flogo,2452,2988
ipython-zmq__omazapa,443,418
ipython01x__yarikoptic,504,650
ipython__ipython,3153,947
ipython_nose__taavi,1,163
ipythonblocks__jiffyclub,4,147
ipyurwid__wackywendell,496,28
ironic-inspector__NaohiroTamura,20,286
ironic-lib__NaohiroTamura,399,39
ironic-lib__faizan-barmawer,374,0
ironic-python-agent__NaohiroTamura,120,491
ironic-staging-drivers__NaohiroTamura,71,251
ironic__NaohiroTamura,2280,977
ironic__emonty,127,636
itools__kennym,154,150
iucs-guido__alexrudnick,716,731
ivle__dcoles,193,194
ivr-robotics__goweiting,118,120
j-assignment__hostmaster,0,119
jacerp__sbkolate,1387,34
jacfrappe__sbkolate,742,0
jasper-reports__scigghia,0,108
jay-work__gyliu513,46,119
jayram-erp__suyashphadtare,1218,0
jayram-frappe__suyashphadtare,621,0
jboss-formula__bradthurber,0,214
jbossas7-domain__rasputnik,0,203
jedi__davidhalter,143,78
jeikkaus__jtiai,0,114
jellyroll__jacobian,6,103
jenkins-job-builder__pratikmallya,100,332
jenkins-job-wrecker__ktdreyer,1,111
jgments__artdent,0,1268
jhbuild__tkruse,87,246
jhubdocs__willingc,0,110
jim_code__JimJiangX,0,186
jimh__jimyx17,120,0
jinja__pallets,53,170
jintea__wiedi,167,0
jobber__michaellennox,158,152
jobsched__frenzykryger,0,171
johnerp__gangadharkadam,981,0
journal__odellus,0,194
judgmental__frabcus,12,261
jumpscale_lib__sherifzain,1334,1334
junkcode__mrda,0,264
juno_neutron__venkataanil,8212,119
jython__Deathnerd,46248,48001
jython__int3,2944,3240
kaggle-heart__317070,1958,1980
kallithea__msabramo,8425,8564
kameleon-mcmc__karlnapf,167,167
kanq__frostblooded,154,154
kappa__garnaat,1,132
karl__boothead,392,392
kasa__ranman,226,226
kdd2015__floydwch,0,436
kdewindows-emerge__pgquiles,737,11
keras-activations__claymcleod,1053,304
keras-temp__lukovkin,1401,145
keras__Maltimore,1661,163
keras__keras-team,2731,139
keras_experiments__ameasure,0,438
keras_old_repo__shubham1810,1084,0
keras_qa__Smerity,0,104
key-mon__agentydragon,42,197
keystone-voms-packaging__alvarolopez,3,318
keystone__juvvadi,522,0
keystone__nuxeh,3652,6549
keystone__pvo,986,140
keystonelight__termie,82,1237
khan-academy__avh4,452,462
kicad-footprint-generator__pointhi,135,194
kickstarter__nashif,0,357
kimchi-wok-chandra__chandrureddy,420,4
kimchi__kimchi-project,468,1258
kinbaku__mattvonrocketstein,113,116
kingdoms__Neamar,242,235
kinto__Kinto,193,193
kitchen-mincer__goneri,17,454
kitchen-saladier__chmouel,29,390
kivy__kivy,1103,384
kiwi-pypy__murtyjones,20781,0
kludgerobots__gonzojive,162,162
kobuki__n17r4m,163,163
koji-playground__mikem23,292,194
koji__solooboroten,16,114
komodoedit__v3ss0n,263,0
kong__pvo,56,3260
ktpl__whereismyjetpack,0,203
kuryr-libnetwork__hyunsun,25,191
kusanagi__juancamilog,465,471
l10n_br_core__rvalyi,19,426
l10n_fr_extourne__vernichon,0,180
labgeeks-chronos__abztrakt,102,5
labgeeksrpg__abztrakt,97,294
labs__alexcoman,310,310
landlords__Niansheng,0,138
lang-smalltalk__timfel,44,270
language-selector-im-config__wzssyqa,0,135
laresumex__knightsamar,588,589
latestadberp__rohitw1991,720,0
layerindex-web__halstead,12,765
lbry__lbryio,245,238
ldnpydojo__illume,34,127
leo-editor__ktenney,261,45
leo__vivainio,217,878
lepl__brianray,135,0
lepl__gcarothers,135,405
lepl__pombreda,135,0
lets-encrypt-icecast__e00E,0,111
letsencrypt-debian__kuba,589,0
letsencrypt__mitnk,877,8
letterplay__rcloran,0,105
lettuce-py3__adw0rd,105,45
lettuce__gabrielfalcao,106,2
letzerp__gangadharkadam,1041,0
lhcb-software__ibab,19854,19031
libRPG__Eronarn,244,110
libcloud__apache,867,2024
libcloud__pratik705,808,0
libcloud__sgammon,326,0
libraryapp__yotammanor,5,211
librehatti___ashtsh,302,263
librpg__bitcraft,767,901
libsigrokdecode__janLo,15,187
libvirt-test-API__ryanmiao,125,123
linaro-ci-configs__rsalveti,16,459
linaro-image-tools__rsalveti,43,195
lint-review__markstory,19,103
linuxdesh__safwanrahman,832,1824
lisa_emotiw__hycis,243,430
lisa_emotiw__nouiz,669,758
listenerplugins__benhoff,251,49
lit__dianaclarke,272,1064
livestreamer-nightly__rbong,129,1
livestreamer__chrippa,132,324
lnst__jpirko,77,135
local-library-installations__dv1,0,484
localshop__mvantellingen,4,104
locomotor__michaelmior,0,141
log2bq__jeremi,0,1401
logbook__egabancho,6,109
logcas__yosshy,0,636
logilab-common__pombredanne,5576,8894
logilab_common3__esparta,226,57
logstasher__mouadino,0,134
lokeshh-stem__lokeshh,105,0
longcuckoo__jbremer,81,126
loopy__inducer,100,107
lord-of-the-rings__jladdjr,137,137
loyalty_point__saurabh6790,8,372
lsst-pipe_tasks__mjuric,108,93
luigi__spotify,478,345
luma__sbkolate,1,114
lumalock-erpnext__khatrijitendra,1187,0
lumalock-old-erpnext__khatrijitendra,1141,0
lumalock-old-frappe__khatrijitendra,574,0
lutron-caseta-pro__upsert,0,130
lwz_vimrc__lwzm,7,728
magenta__tensorflow,199,157
magnet__aswadrangnekar,0,102
magnetodb__aostapenko,177,251
magnum__rpothier,849,2266
maildir-to-ics__vuntz,0,278
maildir2mbox__bluebird75,0,126
mailman3__trevor,379,0
mailman__maxking,463,2045
mailman__terencehonles,353,0
mailman__yaseppochi,441,15
mailtoplus__padelt,0,104
makehuman__duststorm,329,328
makina-states__jpcw,18,110
malco_erpnext__nick9822,0,132
manageiq-ansible-module__abraverm,0,105
manila-lxd-backup__a-ovchinnikov,953,0
manila__aostapenko,243,33
manila__bswartz,1342,7833
manim__3b1b,115,88
mapnik-utils__AppleHolic,102,23
mapnik-utils__bradh,102,0
mapnik-utils__umidev,145,323
mappa__heuer,353,553
mappa__pombreda,345,65
maraschino__mrkipling,169,178
march-madness-predictions__opiethehokie,0,110
marconi__lichray,176,564
markdown-preview.vim__5t111111,0,105
markov-oneword__brianquinlan,0,100
maslab__dlaw,121,123
master_test__klarson1,116,0
mathics-heroku__lidavidm,0,122
matilda__kausikram,0,1088
matplotlib-ancient__astraw,1055,296
matplotlib-py3__mdboom,495,1599
matplotlib__matplotlib,2864,1136
mcweb__asdil12,0,166
med2-app__Tejal011089,752,49
med_app_rels__saurabh6790,759,586
med_new_app__saurabh6790,759,0
medapp__saurabh6790,760,3
mediagoblin-fork__paulproteus,469,0
mediagoblin-quickstart-openshift__stenwt,205,7
mediagoblin__Dealsy,493,0
mediagoblin__ausbin,494,3845
mediagoblin__jsandovalc,495,0
mediagoblin__jscn,493,0
mediagoblin__kesara,497,0
mediagoblin__odinho,457,0
mediagoblin__orblivion,469,0
mediagoblin__warpr,467,0
mediagoblin__xyb,499,116
mediawiki__marcoceppi,9,278
medsyn-app1__saurabh6790,762,0
medsyn-app__saurabh6790,762,0
medsynaptic-app__saurabh6790,759,0
medsynaptic1-app__saurabh6790,761,0
meego-package-status__dlespia,10,533
meep__ctb,688,688
melange__rajarammallya,801,927
memchan__medeca,0,114
mender-backend-cli__bboozzoo,2,130
menpo-archive__jabooth,127,124
mercurial-crew__jordigh,5357,1
mercurial-reviewboard__windix,0,187
merv__trankmichael,133,133
meta-dsk__ipuustin,0,275
meta-intel-iot-devkit__pombredanne,639,1954
meta-swupd__pohly,0,113
meta-zephyr-rewitt__rewitt1,0,468
metaclasses__tecki,79,1184
metalcraft__cgpurbaugh,2,377
metering-prototype__dhellmann,0,727
mezzanine-modeltranslation-backport__dekomote,306,219
mezzanine__stephenmcd,363,85
miasm__mrexodia,1455,0
miasm__pombreda,1455,0
miasm__pombredanne,1458,7278
miasm__steeve85,1455,0
miasm__tbfly,1455,0
micropayment-service__KonstantinSchubert,0,177
micropython-lib__pfalcon,98,154
micropython_esp8266__cprior,0,144
mig2013__giliam,208,198
millionmilestogether__dominicrodger,0,103
mimic__JimJiangX,2,1130
mininet-lc__yeasy,34,170
mininetcetera_public__eternia478,172,110
miniproject__robbwagoner,0,110
mirror-test__seocam,184,251
mitmproxy__mitmproxy,589,316
mitrend-web2py__bbertka,0,145
ml_soundwave_doppler_effect__daandres,305,308
mmc__AnatomicJC,208,3
mmc__eonpatapon,212,436
mn-glo-mosaic__simonsonc,0,418
moblin-image-creator__juanje,58,112
mod-vhost-ldap__gdb,3157,4822
models__tensorflow,1695,480
modern-metrics__ralph-tice,0,121
moderna__lenarother,124,103
modulegraph__jackrobison,3,105
modulestore__bmedx,1945,4970
moin-2.0-beta__bhrigu123,88025,100049
moin-2.0-mirror__rciorba,3660,0
moin-2.0__lu-zero,3669,46
moin2__pombredanne,3052,191
mold__girving,0,110
moment_display__jmichelsen,0,126
mongo-connector__AayushU,102,0
mongo-connector__nleite,102,204
mongo-python-driver__mongodb,155,46
moniker__CaptTof,62,117
monitor__jluebbe,0,544
monitorrent__werwolfby,144,144
moon__brutus333,127,126
moore__OddBloke,15,135
mopidy__mopidy,252,146
morph__jmacarthur,178,635
morph__mossmaurice,181,0
morph__nuxeh,231,421
moto__spulec,352,348
move_torrents.py__jzelinskie,0,110
movements-erpnext__ahmadRagheb,2384,0
movide__VikParuchuri,0,312
mozbase-testing-temp__ffledgling,165,74
mozharness__escapewindow,287,239
mozilla-sync-server-full__SamuelMarks,1,173
mozilla_inventory__rtucker-mozilla,224,524
mozillians-new__glogiotatidis,172,210
mozpackager__rtucker-mozilla,259,1
mrjob__Yelp,194,179
mrmime__hvnsweeting,0,100
mtcnn__Seanlinx,0,132
mu-client-pypy__caizixian,22036,5
mu-client-pypy__wdv4758h,22002,236
mu-repo__fabioz,5,183
mugqic-demo__raivivek,43,177
multicorn__olshevskiy87,275,281
murano-dashboard__sergmelikyan,359,847
murano-tests__nastya-kuz,327,8
music21-bewest.clone__bewest,181,181
muttils__cwarden,0,426
mw4068-packaging__MatthewWilkes,34534,36973
mx-rcnn__precedenceguo,0,226
mxnet-bk__huangzehao,2267,0
mxnet_tk1__starimpact,822,0
my-first-blog__GloriaS18,0,292
my-gbp__ashutosh-mishra,475,1526
my-scikit-learn__lesteve,4654,347
my-tempest__queria,4075,6000
my-will__skoczen,76,152
myLibrary__sa2ajj,0,101
my_congress__ramineni,431,1144
my_keras_doc__asmith26,1357,12
mycfo-erp__Tejal011089,1084,0
myclient__ramineni,41,730
mycroft-core__MycroftAI,368,316
myewb2__benbest86,381,380
myironic__ramineni,1742,11976
mykolla__limamauricio,59,235
mypy-foo__graingert,1540,2046
mypy__python,1756,110
mysqlapi__badri,13,141
mytools__ndechesne,0,135
nagstamon__jrottenberg,134,134
nailgun-fcert__koder-ua,996,109
naima__zblz,56,255
nameko__nameko,188,225
nanoengineer__kanzure,1552,1552
napimenu__nagyv,0,1963
nbexamples__danielballan,1,102
nbtools__holdenweb,41,137
nci-match-ir-ecosystem-api__codacy-badger,223,223
neatx__lan17,48,240
nengo__jaberg,455,387
nengo_ocl-main__jaberg,31,121
neonCl-underconstruction__hughperkins,449,764
neon__NervanaSystems,584,112
neoppod__vpelletier,201,194
netflix__JanCVanB,97,108
netmiko__ktbyers,116,78
netweaver__andyhky,0,227
networking-cisco-nexus__Tehsmash,71,1177
networking-cisco__Tehsmash,813,1170
networking-ofagent-old3__yamt,118,0
networking-ofagent-old__yamt,8980,87541
networking-ofagent__yamt,160,1855
networking-ovs-dpdk__SeanMooney,11,212
networkx__networkx,281,159
neural-language-model__turian,0,204
neutron-dvr__rossella,6969,116
neutron-hyperv-agent__bcla,0,163
neutron-lbaas__gotostack,604,1291
neutron__armando-migliaccio,4236,0
neutron__gkotton,8603,204
neutron__jumpojoy,13955,4521
neutron__kklimonda,389,1026
neutron__yamahata,7771,1159
neutron__ykaneko,4778,1520
neutron_hacking__beagles,9213,1973
new-report-intrastat__CGenie,2,149
new_opentree_api__leto,25,661
newco-legacy__blaze33,322,312
newcutplace__butterhirsch,113,0
newhackers__mapleoin,0,174
newrelic-python-agent__edmorley,0,120
nexmo-lambda-pushover__aaronbassett,0,112
nfg.sidnepp__pjstevns,0,222
nikola__getnikola,620,356
nineml__apdavison,98,120
niseg__alexis-roche,967,0
nltk-drt__napsternxg,113,173
nltk-drt__oxymor0n,169,109
nltk__nltk,645,575
nndocker__grahamannett,0,108
nodepool__seandst,13,272
nodestored__ewindisch,0,190
nolearn__dnouri,4,104
nosql-ganeti__dblia,393,436
notetaker__Ceasar,215,215
notif-gen__ramielrowe,0,295
notifymail__agherzan,0,928
notifyme__lbuchy,0,120
nova-compute-flex__smoser,2,402
nova-compute-lxd__raharper,0,253
nova-docker-plugin__rrader,23845,16399
nova-docker__russellb,0,139
nova-hacking__DirectXMan12,21457,43
nova-ironic-driver-split__mrda,0,315
nova-migration-demo__termie,4008,798
nova-mq__oubiwann,6,663
nova-reports__hartsock,0,162
nova-thousands__pyKun,0,129
nova__anotherjesse,2806,0
nova__badock,27644,3
nova__chenyingnan,34163,1693
nova__eharney,29713,261
nova__leilihh,24288,21
nova__openstack,34587,7324
nova__sarafraj-singh,32867,13723
nova__sridevikoushik31,16375,3779
nova__tiewei,27277,3661
nova__yrobla,15683,124
nova_drafts__vladikr,27114,16027
nova_flavor__pnavarro,0,116
nova_nfv_hooks__pnavarro,0,372
nova_ocl_autogen__termie,0,114
nova_vmware_compute_driver__houshengbo,13323,41
novadbtest__lianhao,0,495
novaha__leilihh,24241,57
novaintercept__d3matt,0,153
novareto__witsch,212,212
novatest__maheshp,15270,618
nozzle__ljjjustin,13,2934
np2016__ichigoi7e,348,339
nppl_extras__revant,0,518
ns-3-dev-dnemu__thehajime,1492,0
ns-3-dev-ndnSIM-old__cawka,1636,0
ns-3-dev-testing__tomhenderson,61116,23835
ns-3-dev__thehajime,1636,0
ns-3__i-maravic,1809,821
ntu-dsi-dcn-portland__idf,45875,120659
ntu-dsi-dcn__ntu-dsi-dcn,31352,0
numba__numba,2396,1618
numdifftools__pbrod,4,101
numscons__cournape,54,105
nupic-darwin64__oxtopus,2,173
nupic-linux64__oxtopus,11,1241
nupic.son__rhyolight,2454,1188
nupic__numenta,2665,989
nvpanacea__tr3buchet,0,299
nws-weather__piohhmy,0,322
nypdbot__artdent,0,126
nzbToMedia__clinton-hall,112,280
object_detection_kitti__sshleifer,797,2
obligate__roaet,6,114
oc__kevensen,0,142
ocl__termie,0,106
ocp-checkbox__jds2001,392,117
ocropy__fish2000,58,116
odemis-old__pieleric,279,279
odl-neutron-drivers__dave-tucker,0,758
odoo-addons__acysos,0,371
odoo-dev__a0c,30709,160512
odoo-extra__mga-odoo,5801,24418
odoo-mirror__nhomar,30461,568
odoo__odoo,34814,19246
oe-core__schnitzeltony,1561,43
oe-layerindex-config__twoerner,0,425
oersted__kryskool,0,110
office_erp__gangadharkadam,914,0
oh-missions-oppia-beta__sun,59,171
ohlc-dl__vonpupp,0,146
okqa__amirnissim,125,125
old-OK__livni,186,368
old-networking-mlnx__moshele,201,1195
oml__oscarolar,136,0
oml_test__moylop260,138,823
omn-app__saurabh6790,753,0
omni-apps__saurabh6790,753,0
omnisys-app__saurabh6790,753,0
omnit-app__saurabh6790,753,0
omnitech-app__saurabh6790,753,0
omnitech-apps__saurabh6790,753,0
omnitech-demo-erpnext__mbauskar,1077,0
omnitech-demo-frappe__mbauskar,527,0
omnitech-erpnext__mbauskar,1083,0
omnitech-frappe__mbauskar,539,9312
onnx-pytorch__ezyang,102,94
ooi__alvarolopez,70,173
oolhackathon__torufur,275,525
open-ai-yumi__isacarnekvist,317,0
openbmc-1__shenki,18,186
openbmc-automation__mkumatag,0,129
opencsw-gar__yannrouillard,162,0
opencsw__dago,378,691
openembedded-core__kscherer,1657,0
openembedded-core__madisongh,1607,2
openembedded-core__martiert,331,0
openembedded-core__nathanrossi,1560,14
openembedded-core__pespin,1075,0
openerp-addons__Ichag,12532,1080
openerp-client__xrg,155,9
openerp-command__toopy,8,191
openerp-hr__bwrsandman,9,109
openerp-server__Ichag,948,236
openerp-server__ovnicraft,972,4898
openerp-server__xrg,1363,385
openerp_lct_hr__jrial,5,115
openerp_runbot_extend__nseinlet,7,140
opengrok-2__pombredanne,0,173
openkomodo__pombredanne,263,395
openlp__zonArt,1014,979
openobject-addons__MarkusTeufelberger,38341,11630
openobject-addons__splbio,29850,0
openobject-client__MarkusTeufelberger,134,1466
openobject-server__MarkusTeufelberger,1292,938
openobject-server__splbio,1006,0
openpyxl__adammorris,142,18
openpyxl__ericgazoni,143,0
openpyxl__gleeda,191,381
openshift-ansible__georgegoh,341,643
openstack-ci__emonty,20,319
openstack-common__emonty,13,186
openstack-dashboard__anotherjesse,374,3615
openstack-dashboard__jimmybergman,295,0
openstack-dashboard__neiljohnston,325,299
openstack-dashboard__pnavarro,285,0
openstack-dashboard__rnirmal,321,0
openstack-dashboard__termie,185,3419
openstack-dashboard__tylesmit,290,0
openstack-dashboard__zen,317,0
openstack-integration-tests__sorenh,3,410
openstack-logcollector__vladikr,0,193
openstack-lp-scripts__markmc,0,445
openstack-metrics__jordant,1,360
openstack-nova__yatinkumbhare,30648,890
openstack-paste__jkoelker,0,218
openstack-scheduler-simulator__alvarolopez,0,124
openstack-stable-tools__gandelman-a,0,108
openstack-tut__AlexeyKasatkin,269,1121
openstack.api__ironcamel,3,110
openstack.api__sleepsonthefloor,0,115
openstack__JiYo,0,2318
openstack__rajeshmohan,0,1930
openstack__sridevikoushik31,15177,0
openstack__zqfan,0,144
openstack_horizon__mrunge,2235,0
openstack_ironic__faizan-barmawer,1049,9
openstackclient-demo__xiaoquqi,0,100
openvpn-monitor__furlongm,0,103
opkg-utils__harisokanovic,0,227
oppia__brylie,181,142
opps-admin__jeanmask,120,0
ops__kaplun,1339,68
opster__piranha,0,106
orange-tree__jzbontar,234,5
orbitals__tr3buchet,0,462
orca-sonar__h4ck3rm1k3,190,170
org.eclipse.dash.m4e.tools__digulla,0,327
os-ansible-deployment__d34dh0r53,34,177
os-net-config__dprince,9,404
osa-role-boilerplate__evrardjp,0,140
osclient__yosshy,0,509
oslo-hacking__emonty,67,153
oslo-packaging__emonty,35,180
oslo.concurrency__dhellmann,22,856
oslo.config__markmc,12,182
oslo.db__malor,76,1658
oslo.log__dims,78,753
oslo.messaging__markmc,50,383
oslo.middleware__chungg,11,590
oslo.policy__rodrigods,14,101
oslo.reports__DirectXMan12,12,124
oslo.serialization__cybertron,5,356
oslo.service__eezhova,42,784
oslo.test__markmc,6,486
oslo.text__flaper87,3,109
oslo.utils__dims,44,286
oslo.versionedobject__inc0,61,442
osmosis_erpnext__Tejal011089,1059,0
ospaas__yuyuehill,0,209
osqa__mvaled,79,153
oss_framework__sshturm,0,240
osuaiaa__ngokevin,3,192
otree-core__oTree-org,209,178
ovirt-ansible-lib__machacekondra,0,156
ovsdbapp__otherwiseguy,5,107
ownmoviedb__andy-maier,0,116
p2pool__hippich,41,261
package_control_channel__wbond,141,9
packstack__derekhiggins,21,481
pagure__pypingo,275,357
pajbot__pajlada,275,353
pandas__pandas-dev,4235,1888
papyon__Kjir,57,101
parakeet__iskandr,267,266
parlai_hotpotqa__Saizheng,231,0
partner-contact-management__lepistone,7,256
passion-xbmc__Quihico,395,391
patchtest__lsandoval,2,123
patchwork__dlespia,32,610
patchwork__stephenfin,25,206
pathlib2__mcmtroffaes,0,220
patroni__zalando,96,100
paypal_erpnext__Tejal011089,1068,0
pci_api__yjiang5,0,200
pdb-clone__Mistobaan,8,111
pdb2pqr__ostrokach,185,181
pdbpp__mherkazandjian,194,543
pdftables__drj11,73,123
pelican__getpelican,151,32
penchy__fhirschmann,217,218
pennies__caseyclements,21,119
perscon-imap__avsm,6,245
persoTraitsui__MatthieuDartiailh,365,396
pg-django__lisael,1432,0
pgadmin4__asheshv,700,0
pgadmin4__thaJeztah,705,1404
pgoapi__BrownSlaughter,117,96
pgoapi__RyanHope,125,80
pgobot__crvfts,3002,0
pgsnipe__rawgni,0,192
pgzero__lordmauve,108,116
phiclicker__kevinwang,0,322
phrerp__pawaranand,1007,0
picard__metabrainz,113,121
pied-wagtail__helenwarren,346,0
piezas__yrobla,0,265
pillow-simd__peterhj,366,0
pillow__peterhj,379,0
pin__mach24,179,173
pinax__ingenieroariel,495,640
pinax__pinax,593,530
pinder__linkinpark342,0,164
pineboo__deavid,118,118
pinet__joshuamckenty,794,728
pip__pypa,626,358
pipenv-trytravis__erinxocon,253,30
pipenv__pypa,726,90
pitivi-cfoch__cfoch,209,4
pitivi-old__thiblahute,211,0
pitivi-work__brion,174,0
pitivi__Yann-Pravo,153,0
pitivi__bemasc,124,45
pitivi__cfoch,203,16
pitivi__dark-al,168,0
pitivi__emdash,102,0
pitivi__feroze,144,0
pitivi__leonhandreke,124,0
pitivi__lostcookie,102,0
pitivi__nekohayo,200,0
pitivi__tomak-git,179,0
pixie__pixie-lang,182,169
pixybattle__clbarnes,148,148
pkg-ganeti__yiannist,5,109
plagcomps__NoahCarnahan,260,264
plaintable__rumpelsepp,0,135
planex-cleanhistory__euanh,12,249
plankton__JesseLivezey,1996,2473
platform_development__aosp-mirror,162,192
playwright__aioue,0,389
plexnet__tav,4014,4489
plinth-debian__SunilMohanAdapa,51,117
plinth-debian__jvalleroy,219,167
plotly.py__plotly,143,120
plotnine__has2k1,255,19
plugin.video.btsport__fsegouin,0,242
plugin.video.cinemassacre__cdwertmann,0,262
poc-brick-as-oslo-lib__e0ne,0,526
pogom__favll,37,389
pokego-inventory__pensiero,0,154
pokemongo-api__rubenvereecken,252,115
pokerthproto__FlorianWilhelm,0,162
pokesistant__p0psicles,0,185
poky-1__pombredanne,896,3630
poky-clang__mtahmed,484,0
poky-contrib__olof,2607,10522
poky-dev2__weiteeng,2185,0
poky-dev__weiteeng,2193,0
poky-public__drewmoseley,1187,0
poky__JPEWdev,2286,20
poky__akuster,964,0
poky__arfoll,630,0
poky__avalluri,2110,0
poky__bavery22,1525,0
poky__bradfa,799,0
poky__cgwalters,368,1
poky__chbae,2217,0
poky__devcurmudgeon,1622,278
poky__dlespia,297,0
poky__jatedev,1018,0
poky__kacf,2111,18
poky__kraj,3562,5236
poky__lsandoval,2192,40
poky__madisongh,2338,0
poky__michaelgwood,1885,0
poky__mpvader,2330,0
poky__neverpanic,1977,0
poky__optimosfet,1797,95
poky__pohly,2006,14
poky__rewitt1,1522,0
poky__rossburton,1596,94
poky__thiagoss,313,0
poky__tzanussi,623,0
police-eis__pombredanne,0,136
polinax__alon,221,0
polites__seanmccully,0,317
pomni__bartosh,342,416
pooh__Evgenus,3,116
pootle-dev__arky,204,319
pootle__lehmannro,112,153
port_status__hyunsun,0,202
portage__devurandom,276,0
portage__dol-sen,494,1064
portage__prometheanfire,332,0
ports-license-scanner__AMDmi3,0,125
postrfs__levitte,1,220
pow-app__saurabh6790,758,0
powerline__powerline,155,43
pps-tools__mturquette,0,226
ppython__nascheme,12671,72747
praktoras__pmav99,528,0
prankroulette__kaushal,517,0
pre-essaysafe__rattrayalex,168,168
preciosa__mgaitan,242,170
prettychart__bdyetton,3138,2857
private-readthedocs.org__johncosta,167,0
private__berendt,0,401
privot-doc__dbarbier,0,130
processing_arithmetics__dieuwkehupkes,87,113
products__kroman0,4982,4667
programmer__yashodhank,0,847
project-database__jean,652,652
project_clippy__jcchin,899,0
projects-artilect__Kniyl,0,185
proselint__amperser,103,114
prowl.alfredworkflow__slashk,0,420
proximity_zones__nickwaring,12,156
psage__williamstein,21,312
pseudobook__scherroman,107,107
psutil__giampaolo,40,117
public-contracts__jorgecarleitao,0,148
public__chadwhitacre,142,142
puding__gkmngrgn,143,143
pulsar__quantmind,175,141
puma__joelbm24,0,348
pupa__termie,4014,0
puppet-dak__haf,242,12
pupy__n1nj4sec,221,211
pushbullet__jchonig,0,157
pwb-test-alpha__valhallasw,278,0
pwntools__Gallopsled,199,188
py-fcm__johnbachman,422,785
py3status__ultrabug,196,130
pyDD__ArdalanM,107,108
pyFM__coreylynch,0,102
pyLoad__swayf,206,582
py_hangman__prasadkatti,0,119
py_trees__stonier,91,165
pyaffineprep__dohmatob,131,253
pyamg__pombreda,159,165
pyatomiadns__sejo,0,109
pyatv__postlund,0,202
pybindgen__gjcarneiro,21,196
pybrain__cmorgan,268,0
pybrain__pybrain,268,528
pycadf__saschpe,0,255
pyccuracy__heynemann,336,261
pychess__jakesyl,1785,1791
pycluster__sauloal,0,177
pyconde-website-mirror__zerok,33,105
pydbd__cjp256,0,308
pydicom-svn__cancan101,141,42
pydicom__ivoflipse,257,623
pydicom__pombreda,205,0
pydl__weaverba137,7,114
pydoc-br__ramalho,1704,1704
pydra__MostAwesomeDude,58,138
pydstorages__jespino,0,136
pyethereum__ethereum,576,396
pyfa-l10n__copyli,137,135
pyfense__likyng,278,278
pyfit__cdeil,0,108
pyfpdf_googlecode__reingart,191,213
pyglet-darwincore__infowantstobeseen,429,3
pyglet__kmonsoor,6677,14791
pyglet__mottosso,454,7
pyglet__tilda,6677,0
pygments-1__pombredanne,0,3035
pygments-cl-repl__russell,0,217
pygments-mirror__zmughal,385,0
pygments__dagwieers,52999,1088
pygments__dscorbett,411,12
pygments__jonaprieto,49745,0
pygments__mosra,497,1
pygments__pseyfert,487,0
pygments__sglyon,304,0
pygobject__cfoch,125,0
pygobject__fdintino,179,69
pygobject__nzjrs,109,103
pygopherd__mas90,0,463
pygorithm__OmkarPathak,175,159
pygtkhelpers__aliafshar,4,163
pyhole__jk0,28,1413
pyhwp__mete0r,0,139
pyinstaller__pyinstaller,254,196
pyinterex__holdenweb,0,140
pyjamas__anandology,240,115
pyjamas__certik,128,364
pyjamas__jaredly,138,27
pylearn2__lisa-lab,3101,263
pylearn2_bio__gdesjardins,924,0
pylearn_old__caglar,543,180
pylearnk__KennethPierce,1505,0
pyload-config__vuolter,289,157
pyload-utils__vuolter,288,0
pymc3__pymc-devs,445,353
pymotw__reingart,2,225
pymt__tito,299,272
pynet-ons-oct17__ktbyers,118,0
pynote__rumpelsepp,0,331
pyobjc__benoit-pierre,263,541
pyobjc__fish2000,339,78
pyobjc__orestis,132,96
pyomo__Juanlu001,264,264
pyonionoo__gsathya,12,1049
pyos__emonty,8,204
pypedream__garyw,0,302
pypy__MichaelBlume,20335,59877
pypy__aljosa,19987,4310
pypy__mozillazg,44082,158748
pypy__reingart,19415,1233
pypy__tycho,22961,0
pypy__yuyichao,40645,8
pypyjs-presentation__albertjan,0,885
pyqtgraph__ibressler,44,798
pyqtgraph__pbmanis,121,6
pyramid-docs-chs__seff,191,0
pyramid-learning-journal__ChristopherSClosser,920,1681
pyramid__Pylons,1031,363
pysal__pombreda,190,194
pyside-examples__RobinD42,38,113
pyside2-setup__diorcety,322,712
pyside2__diorcety,322,0
pyside2__gbaty,177,0
pysksync_mirror__clach04,0,115
pysolper__aleaxit,1212,2588
pysph__pankajp,141,158
pyst__al-the-x,73,128
pystacks__vzhong,0,136
pystatsmodels__yarikoptic,1626,1690
pyston__dropbox,212,219
pystuff__simplylizz,0,251
pytential__inducer,97,104
pytest-ansible__jlaska,5,120
pytest-exceptional__vodik,0,122
pytest-pylint__carsongee,0,248
pytest-xdist__mattias-lundell,86,104
pytest__pytest-dev,710,88
pytest__ropez,438,43
pytest__temoto,125,0
python-2.7.12-dist__marek-sezemsky,1993,0
python-3.5.2-dist__marek-sezemsky,0,2006
python-TSIP__mjuenema,2,110
python-alp__tboquet,17,112
python-ast__banga,3088,22008
python-backports-lzma-debian__g-k-r,0,112
python-can__hardbyte,122,107
python-cffi__jamespharaoh,186,35
python-cinderclient-1__anotherjesse,0,826
python-cinderclient__bhuvan,1,140
python-courses__YorikSar,0,168
python-crawler__antiface,0,100
python-debian__pombredanne,41,139
python-debugger__amrdraz,0,902
python-django-dpkg__lfaraone,90,436
python-django-horizon-sina__liyingjun,0,162
python-doc-analyser__swildermann,155,155
python-doc-ja.sphinx-ja__methane,13411,14360
python-docs-samples__GoogleCloudPlatform,365,292
python-ecobee-api__nkgilley,0,102
python-fakekbd__joernheissler,0,106
python-filedes__fmoo,0,138
python-flask-debian__g-k-r,165,0
python-for-android__kivy,333,145
python-format-detection__erasche,36,102
python-generators-tutorial__Reldan,0,1187
python-gerrit__bcwaldon,1,132
python-glanceclient__alexpilotti,106,1611
python-glanceclient__jaypipes,0,320
python-graph__wting,73,146
python-heatclient__larsks,11,362
python-ironicclient__NaohiroTamura,127,317
python-jsonrpc-channel__hkwi,0,185
python-keystoneclient__alexpilotti,450,1372
python-libvhd__comstud,0,167
python-magic__ahupp,3,119
python-manilaclient__pombredanne,39,483
python-manilaclient__sniperganso,57,251
python-marconiclient__aababilov,1,302
python-markdown2__trentm,0,380
python-modernize__mitsuhiko,29,145
python-monasca__litong01,23,323
python-multiprocessing__sideshowdave7,26,197
python-neutronclient__mangelajo,152,321
python-noaa__rconradharris,0,118
python-novatools__justinsb,6,1035
python-openid__adie,92,182
python-openstackclient-base__aababilov,0,167
python-openstackclient__dtroyer,851,1373
python-reddwarfclient__rmyers,7,463
python-rfc5424-logging-formatter__specialunderwear,0,165
python-signalfd__zultron,0,117
python-sipsimple__pol51,369,334
python-social-auth__omab,163,139
python-static__ajdiaz,6039,0
python-tackerclient__yamahata,130,1718
python-telegram-bot__python-telegram-bot,193,73
python-testing__katyhuff,4,467
python-twitter__bear,67,290
python-yeelightbt__rytilahti,0,183
python-zulip__eeshangarg,306,209
python2-trepan__rocky,7,271
python2012__ktisha,277,277
pythonStudy__fan-xin,0,255
python__chengweiv5,0,105
python__cpcloud,6035,0
python__josch,91,182
python__kallimachos,0,110
python__leiyang,0,152
python__orestis,3265,356
python__pieper,180,140
python_base__zhangxiaolins,0,593
pythonslides__nyergler,272,594
pytoolbox__davidfischer-ch,5,199
pytorch-coriander__hughperkins,310,462
pytorch-dist__apaszke,333,0
pytorch-old__jcjohnson,444,122
pytorch_Squeezenet__gsp-27,0,116
pytorch__ezyang,1445,614
pytorch__pytorch,1226,3
pyvizio__vkorn,0,121
pyvmwareapi__r7vme,0,115
pywars__rmariano,95,184
pywikibot-local__darthbhyrava,553,18
pywikibot__notconfusing,307,0
pywikibot__npdoty,605,21
pywikipedia-git__hroest,245,0
pywikipedia-original__legoktm,261,899
pywikipedia__azatoth,286,0
pywikipediabot__h4ck3rm1k3,547,56
pyxb__pabigot,123,302
pyxb__thorstenb,122,0
pyzmq__zeromq,113,145
qa-tools__alimon,0,120
qf_erpnext_customizations__vrms,0,279
qiskit-sdk-py__QISKit,289,286
qr-tools__jsarenik,0,337
qtile__qtile,126,92
quantum-bug__xchenum,768,0
quantum-experiment__grze,160,160
quantum__tpaszkowski,2344,0
quantum__xchenum,788,0
quantum__ykaneko,5000,1469
quark-docker__uycire,262,17
quark__jkoelker,121,3731
quark__sjdemartini,251,495
quickly__didrocks,108,169
quixote__nascheme,0,788
quodlibet__lebauce,2310,2424
qutebrowser-debian__fiete201,0,107
qutebrowser__qutebrowser,632,349
r-orange__PiRSquared17,288,576
r-orange__pombreda,288,0
rASE__arosen93,751,1820
rabbitmq-streams__squaremo,150,148
rabbitvcs-svn-mirror__CloCkWeRX,147,154
rabbitvcs__CloCkWeRX,150,151
rainy-day__bhanuvrat,0,123
rally-ci__redixin,1,236
rally-openstack__andreykurilin,729,1617
rapidsms-borno__takinbo,507,154
rapidsms-community-apps__adammck,208,47
rapidsms-community-apps__ewheeler,519,1020
rapidsms-core__ewheeler,298,338
rapport__saschpe,3,275
rasa_nlu__RasaHQ,226,255
raspi-video-sync__feanil,0,105
raven-python-old__lopter,112,0
raven-python__getsentry,334,143
ray__ray-project,350,376
rcbops-maas-plugins__mattt416,0,212
rcm-pulp-rpm__pombredanne,248,245
readthedocs.org__rtfd,729,337
realtime__akeshavan,140,146
recurrent-batch-normalization__capybaralet,73,103
red-carpet__joeshaw,116,128
redash__getredash,276,461
redash_gov__WesleyBatista,234,13
redashtest__jmvasquez,170,3
redbook-data-grabber__nickdademo,0,1177
reddit__reddit-archive,505,0
redditcl__gitter-badger,410,0
reddwarf__imsplitbit,263,0
reddwarf_lite-integration__hub-cap,59,1427
reddwarf_lite__hub-cap,252,112
redfoot-orig__jtauber,106,106
reef__jelford,123,123
reek__bpeschier,0,117
register__alexis-roche,967,1168
regulation.gov_comments__cgar,0,119
relax__jlec,114,149
relax__pombredanne,185,150
releasetools__pedersen,0,106
reply__luciotorre,314,0
reply__ricardokirkner,314,630
repo-test__nicoddemus,172,0
reponimous__craigtracey,0,153
reporter__fwenzel,115,133
reportlab__eduardocereto,281,270
reproject__astrofrog,27,101
requests__requests,381,159
requirements__keloyang,163,13
requirements__psachin,123,175
research__vdumoulin,27,172
restclient-py2app__devvmh,0,176
restler__xur,306,318
reversals__apsdehal,65,172
reweighted-ws__jbornschein,40,193
rg-graph__batya239,242,244
rgims_as_diff__flavour,181,0
rhea__cfelton,106,68
rietveld__berkus,531,2748
rietveld__gco,531,0
rietveld__robfig,531,0
rietveld__v3ss0n,531,0
rietveldv2__riannucci,166,0
rigpl-erpnext__adityaduggal,7,4587
riotscrape__blagarde,108,111
riscv-poky-memcached-accel__sagark,801,1
rkrizzle__emonty,282,2
rl-attack-detection__yenchenlin,0,168
rllab-curriculum__florensacc,10252,9112
roboteams__baudvix,336,336
robotframework-python3__userzimmermann,1901,391
robotframework__datakurre,1717,0
robotframework__robotframework,1617,552
rojak-pantau__imrenagi,117,2
rojak__pyk,128,196
rospy_tutorials__vmayoral,0,192
ross-tools__rossburton,2,295
rosstacks__lubosz,438,438
roundup__AnishShah,2957,3733
roundup__sgala,53,152
rply__alex,0,171
rqalpha__ricequant,111,82
rs__kirbyfan64,0,209
rss2016-team2__kctess5,187,189
rssdown__martiert,0,484
rst2pdf__rafaelmartins,56,242
rucio__brianv0,418,410
ruffruffs__di,317,0
ruuvitag-sensor__tt,5,206
ryu__ykaneko,170,1073
s-osg-tizen-distro__martinezjavier,903,2671
s3-cloudfront-upload-and-invalidate__jjshoe,0,105
s3_backup__ccfiel,0,182
safeworld__PawanMeh,0,200
sage-devel__benjaminfjones,0,129
sage-nonsocial__saraedum,4933,1797
sage-obsolete-padic__saraedum,11192,1539
sage-obsolete__saraedum,11302,130
sage__lukas-lansky,6209,0
sage__mkoeppe,7127,17937
sagelib__williamstein,3758,23276
sahara-backup__esikachev,1198,87
sahara__egafford,1423,3447
sahara__xme1226,862,0
sahriswiki__prologic,7691,7751
sajil-erp__suyashphadtare,1007,0
sajil-final-erp__suyashphadtare,1015,0
sajil-shopping__suyashphadtare,16,1056
saleor__mirumee,586,880
saloon_erp__gangadharkadam,1085,0
saloon_erp_install__gangadharkadam,1085,12
saloon_frappe__gangadharkadam,540,0
saloon_frappe_install__gangadharkadam,540,3
salt-deb__mika,844,1073
salt-debug__whytewolf,0,298
salt-modules__bechtoldt,0,280
salt__sacren,48892,0
salt__saltstack,53701,67882
saltmeter__retr0h,0,360
sandbox__thnam91,2081,2082
sanic__channelcat,336,231
sapphire-erpnext__mbauskar,1083,0
satchmo__bclermont,115,0
satchmo__dokterbob,107,388
satchmo__rctay,109,0
satchmo__twidi,111,73
satori__lil-cain,27,413
satori__zielmicha,26275,26234
sauna__NicolasLM,1,109
savanna-dashboard__denismakogon,44,101
savanna__rnirmal,352,1320
sawbuck__sigurasg,96,162
sawtooth-seth__vaporos,1632,1676
sc_demo__yeasy,0,310
scallop__Kefkius,231,0
scapy__secdev,167,244
scenario__esikachev,1001,0
schematics__schematics,122,78
scientific-wg__oneswig,0,138
scikit-image__scikit-image,834,691
scikit-learn.org__ogrisel,158,362
scikit-learn__scikit-learn,4970,87
scikit-optimization__mbrucher,0,157
scikit-spectra__hugadams,146,247
scilifelab__b97pla,319,254
scipy-sim__hardbyte,256,256
scipy-travis__pv,2841,3349
scipy__scipy,3016,102
scitools__hplgit,247,254
scoap3_old__Dziolas,35,122
scons__azatoth,335,148
scons__azverkan,633,725
sconsize__techtonik,128,494
scoop__artscoop,7,131
scoop__soravux,283,0
scoop__vfonov,410,682
scrapbin__locke105,0,132
scrapy__scrapy,547,328
script.json-cec__joshjowen,0,100
scripts__aspirer,0,201
scripts__junhuizx,0,308
scripts__undeadops,0,104
sdk-examples__davetcoleman,100,100
searx__asciimoo,137,182
sebastian__jtauber,104,103
secretstorage__mitya57,0,136
securedrop__freedomofpress,237,177
security_monkey__Netflix,147,142
selfmanager__ftomassetti,8,164
senlin-container__tengqm,562,669
senlin-tempest-plugin__ghanshyammann,74,149
senlin__tengqm,266,644
sensu-cli__dhutty,0,237
sentence-boundary-detection-nn__knub,136,136
sentry-django-rest-demo__ndmanvar,0,257
sentry__getsentry,4102,2157
server-test-with-ansible-example__hnakamur,0,500
servermill__gtmanfred,0,295
setuptools__abadger,83,202
seya__EderSantana,31,161
shade__DSpeichert,143,275
shadowsocks-exe__falseen,0,125
shadowtime__davidosterberg,0,378
shell__l0neranger,0,112
shelllogger__lorin,1,365
sher__gangadharkadam,1002,0
shinken__naparuba,494,410
shownoter__kjaymiller,836,834
sickrage-readynas__miigot,0,226
sider__dahlia,2,158
simple-websockets__mbirtwell,0,206
simple_blog__tian-yi,0,418
skdata__jaberg,36,175
skdb__kanzure,63,118
skflow__tensorflow,121,204
skink__heynemann,112,65
skybeard-2__LanceMaverick,213,291
slugiot-client__lucadealfaro,372,0
slugiot-server__lucadealfaro,372,0
smai-proj__IamAdiSri,54,108
smartOWL__fmarco76,0,224
smarterp__rohitw1991,994,43
smarterpnext__rohitw1991,1047,3
smarttailorerp__rohitw1991,1055,3
smrterp__gangadharkadam,1068,36
snail-server__chih7,136,136
snap__movitto,0,110
snappy__russell,0,137
sniper__kaushal,0,1034
snippets-service-prototype__Osmose,41,126
so-starving__shabda,76,140
so_tkp__bartscheers,147,6
social-app-web2py__DonaldMcC,230,0
social-sugar__tchx84,761,7
solidfire-openstack-cinder__j-griffith,0,111
sosreport-neutron__beagles,19,193
spaCy__explosion,1217,1567
spacecraft__luciotorre,81,100
spacepaste__shirkey,0,102
spacy__willprice,1036,0
spawn-eden__lifeeth,0,165
spd_notebook__certik,0,684
specto__PiRSquared17,66,132
spectral-mining__bsilverthorn,79,101
sphinx-contrib__stephenfin,465,0
sphinx-contrib__thewtex,248,6
sphinx-doc-zh__ZoomQuiet,341,0
sphinx-mirror__lehmannro,415,0
sphinx__certik,352,84
sphinx__jklukas,360,0
sphinx__sphinx-doc,782,547
sphinxautoindex__jimfulton,8588,31117
sphinxcontrib-cacoo__tk0miya,6341,50
sphinxcontrib-matlabdomain__boeddeker,7361,32
sphinxcontrib-matlabdomain__djoshea,7322,0
spinnaker__spinnaker,89,108
spinwaves_git__wflynny,128,132
spotlight__maciejkula,119,119
spritely__wilsoniya,0,240
spycci__boyska,0,116
spyder__spyder-ide,1146,405
spyderlib__jromang,33084,34491
spyderman3000__simplylizz,0,330
spyne__tlandschoff-scale,121,62
sqits-atlas-tools__pombredanne,255,255
sqlalchemy-fk-hack__csboling,403,0
sqlalchemy__obeattie,577,849
sqlalchemy__tehasdf,165,262
sqlalchemy__vishvananda,0,127
sqlalchemy__zzzeek,694,171
sqlmap__sqlmapproject,96,232
square-bridge__overhacked,0,132
sslenroll__delroth,0,133
st-testing__ptthiem,100,5
st2__StackStorm,1272,1224
staccato__buzztroll,0,1172
stacklab-cinder__NewpTone,265,0
stacklab-nova__NewpTone,12159,0
stackless__wkhere,5275,5489
stash__ywangd,100,70
state.oslo.messaging__kbespalov,286,1470
states__Lacrymology,117,0
states__bclermont,117,671
static-python__bendmorris,5620,6
statsmodels__statsmodels,1146,301
steel_hardenability__kswiat,0,125
steemprojects.com__noisy,282,218
stem__FedericoCeratto,109,1861
stem__Foxboron,105,0
stem__asv-github,113,0
stem__chelseakomlo,111,0
stem__dnuti,113,0
stem__eoinof,89,156
stem__ewongbb,113,0
stem__kithack,111,0
stem__leivaburto,106,0
stem__lokeshh,105,0
stem__neelchauhan,111,0
stem__paraschetal,111,0
stem__patrickod,113,10
stem__sammyshj,111,0
sterp__gangadharkadam,992,0
stgit__terinjokes,18,102
stories__emonty,0,444
str2vec__pengli09,0,150
streamlink__streamlink,583,399
streamparse__Parsely,51,110
study__aspirer,0,1879
sublime-settings__lorin,0,103
sublime_package_control_channel__beaugunderson,141,0
substrate__xur,1957,1926
subunit2sql__mtreinish,0,166
sugar-toolkit-gtk3__manuq,626,90
sugar__rparrapy,805,3224
sunflower-fm__anweshknayak,3952,3952
superdesk-server__petrjasek,354,354
supernova__major,2,152
supplify_erpnext__revant,0,194
supybot-gsoc__kblin,1049,0
supybot-plugins__gsf,91,119
supybot-rothbot__prashantpawar,1049,0
supybot__EnderBlue,1050,0
supybot__raboof,1049,0
svgsize__avnik,0,148
swagger-to-sdk__lmazuel,0,101
swarming.client__pombredanne,78,448
swarming__pombreda,249,658
swift-lfs__zaitcev,513,68
swift__openstack,1353,4276
swift__psachin,1103,0
swift__sarafraj-singh,951,0
swift__sarvesh-ranjan,921,0
sympy-old__hazelnusse,1467,114
sympy-polys__mattpap,1028,5522
sympy__KevinGoodsell,633,0
sympy__fperez,643,0
sympy__jbaayen,630,0
sympy__ryanGT,302,14
sympy__sympy,4470,5221
sympy__tovrstra,685,104
synapse__matrix-org,494,452
sync-engine__nylas,1363,1351
syntactic-seq2seq__nikhilweee,327,67
system-config-network__haraldh,386,458
t1__gouzongmei,390,0
tabledata-backport__remram44,590,1088
tablib__kennethreitz,94,206
tach__Cerberus98,0,195
tacker__bharaththiruveedula,24,2247
tacker__yamahata,6510,0
tactic-client__rvanlaar,1320,1312
tahoe-lafs__drewp,144,177
taiga-back__taigaio,547,668
taiga-docker__soudy,0,111
tailor__lelit,144,179
tailorerp__gangadharkadam,1119,125
taiwan-aed__pm5,0,253
talons__jaypipes,0,268
tanglu-dak__abhi11,262,0
tardisatomic__wkerzendorf,19,137
taskoverflow__jaredwy,135,135
taskwiki__tbabej,1540,94
taxi__adbrebs,138,231
taxonlist2json__mfrasca,110,110
tddspry__playpauseandstop,0,247
teesta---POC__patilsangram,0,309
teiler__arminhammer,80,146
telecom-erpnext_v7__khatrijitendra,1479,0
telecom-frappe_v7__khatrijitendra,807,0
telemetry-dashboard__ffosilva,152,117
telepathy-python__detrout,19,150
temp__sunny94,3188,0
tempest-lib__mtreinish,50,359
tempest__adkerr,3346,95
tempest__armando-migliaccio,1597,8887
tempest__ntymtsiv,2395,0
tensor_decomp_embedding__popcorncolonel,223,8
tensorflow-models-private__azhou42,1326,9
tensorforce__reinforceio,344,283
tensorlayer__tensorlayer,155,111
tensorpack__ppwwyyxx,110,50
terminator__janisozaur,34,170
terpene__goldhand,4,105
test-deb-keystone__emonty,0,4420
test-med-app__saurabh6790,762,0
test__JerzySpendel,0,110
test__asomya,703,416
test__ioanpocol,2206,2211
test__pmav99,553,0
test__suyashphadtare,1033,6
test_bug__renatooliveira,0,131
test_final_med_app__saurabh6790,762,0
test_l3__manjeetbhatia,0,199
test_publicdb__tomkooij,0,350
testlib__trentm,0,394
teuthology__tv42,155,1032
textcatcher__jackdied,0,126
tf_datasets__tmattio,0,160
tflearn__tflearn,137,88
tgtools.tgext-admin__pedersen,98,134
thbattle__feisuzh,119,119
theano-cudnn-rnn__kundan2510,1659,0
theano-experimental__notoraptor,2161,2
thefarland__julianwachholz,0,101
thefuck__nvbn,276,205
theming-edx-platform__pdehaye,6236,14154
third_person_im__bstadie,0,485
thrift__dprince,0,254
thumbor__thumbor,314,261
tickets__timmartin19,0,124
timeplotters-doc__jkff,0,295
timesheet__kcghost,0,206
timetable-Heroku__Diptanshu8,0,172
tind-invenio__aw-bib,1190,6
tipfy__moraes,237,47
tipfy__pombreda,343,549
tiss-secure__yesudeep,180,1
titanic_survival_exploration__kkirsche,0,257
tizen-distro-mips__leon-anavi,860,0
tizen-distro-raspberrypi__leon-anavi,862,0
tizen-distro__thiagoss,852,0
tkp__jdswinbank,145,264
tldrmp__flavour,337,0
tm__giovannic,170,231
toaster_report_demo__alimon,1604,0
toga__pybee,208,108
together-video__ryan-lane,0,197
tommi-func__tomas-edwardsson,204,0
toolbox__asadoughi,0,113
toolkit__rosscdh,1317,1438
toolsMisc__rowanpang,706,23
tools__edevenport,0,142
tools__jluebbe,0,288
tools__lsblakk,164,227
toppatch__pombredanne,854,854
topy__intgr,1,112
tor-nyx__wooowooo,22,140
tor-stem__tparks5,146,0
tor-stem__wooowooo,114,0
tornablog__fgallaire,0,326
tornado__sebbov,296,93
tornado__tornadoweb,307,3
tornado_test__leekchan,193,7
torstatus__alienth,61,174
tournament-seeder__renodubois,103,104
tower__bbasleeper,0,133
tpot__EpistasisLab,212,198
trac-Pygit2__netjunki,371,0
trac-announcerplugin__jun66j5,3,187
trac-gitsvn__moreati,320,836
trac-ja__jun66j5,578,409
trace__tartavull,151,302
trachacks-hudsontracplugin__cboos,0,119
trachacks__nyuhuhu,19784,17966
tractor__dstndstn,72,104
transact__phoebebright,134,174
translate-toolit__scrool,513,454
translate__lehmannro,98,137
travis-test__demonchild2112,0,114
treeano__diogo149,128,173
tribe__retr0h,0,165
tribler__Tribler,1184,1745
tripleo-workflows__bcrochet,102,332
trove-guestagent__denismakogon,623,3125
trove-image-builder__amrith,1194,1935
trove__amrith,1202,25
tru_app_back__saurabh6790,757,2
true_review_web2py__lucadealfaro,370,1
trufil_app__saurabh6790,753,0
tsunami__vlegoff,114,110
turbo-hipster__matthewoliver,1,166
turbocare__rogeriofalcone,232,232
tuskar-ui-1__jtomasek,1682,3743
tweetRecommender__twerkmeister,84,276
tweetnet__ofirnachum,52,105
twisted-lab__Linuturk,0,211
twisted__alessandrod,4011,0
twisted__twisted,9293,12892
twobillion__SandyWalsh,0,113
twobit-git-poller__flihp,0,144
txes__jkoelker,0,412
txtnets__mdenil,114,171
tz.js__dbaron,0,113
ubuntu-deb-workspace__daigong,976,976
udmt__chardmeier,0,125
ultimate-smash-friends__tshirtman,122,131
unity-lens-nx__sdague,0,296
uniuni__ingvagabund,0,270
unladen-swallow__Daetalus,161,1282
unladen-swallow__collinw,160,0
unladen-swallow__gauravssnl,160,0
unladen-swallow__jakesyl,160,0
unladen-swallow__pombreda,160,0
unladen-swallow__qunaibit,160,0
unladen-swallow__seanjensengrey,160,0
unladen-swallow__vasanthaganeshk,160,0
unwash_ecom__DrOctogon,878,60
urandom__Thingee,0,193
uranium__toumorokoshi,6,108
urllib3__shazow,148,142
usecasevstu__exAspArk,117,117
utils__abulimov,0,101
uwpython_web__briandorsey,0,441
v1framework__yamins81,124,142
v4_erp__gangadharkadam,1007,0
v5_erp__gangadharkadam,1041,0
v6_erp__gangadharkadam,1187,0
v6_frappe__gangadharkadam,653,0
vStack-utility__SnailJie,23,404
valeo__PiRSquared17,0,119
vauxoo_bzr2git_02__moylop260,2124,4148
vauxoo_bzr2git__moylop260,2042,0
vbox-neutron-agent__alexcoman,10009,1359
vbox-nova-driver__alexcoman,29750,2
vcf2clinvar__madprime,27,178
vdsm-ubuntu__edwardbadboy,418,701
vdsm__aglitke,1124,514
vellum__zedshaw,0,247
veronica-defense__fisadev,70,376
versebot__matthieugrieger,2,131
verveerp__gangadharkadam,1047,0
vestasi-erp-1__suyashphadtare,1023,0
vestasi-erp-final__suyashphadtare,1023,0
vestasi-erp-jan-end__suyashphadtare,1027,8
vestasi-erp-new-final__suyashphadtare,1023,0
vestasi-update-erp__suyashphadtare,1023,0
vhrs-erpnext__hereabdulla,2232,12
vhrs-frappe__hereabdulla,1280,686
viff__kljensen,53,130
virt-factory__mpdehaan,247,289
virt-manager-debian__agx,0,148
virtual-classroom__hplgit,1,202
virtualenvwrapper.jira__goozbach,0,113
vision__fmassa,79,267
vispy-experiments__mssurajkaiga,0,119
vispy__vispy,741,663
visual_dynamics__alexlee-gk,0,101
visvis.dev__almarklein,796,2362
visvis__almarklein,797,0
visvis__chrisidefix,796,0
vlinkerp__gangadharkadam,1059,0
vmware-nsx__gkotton,17659,2110
vodafone-mobile-broadband__andrewbird,100,184
volatility__volatilityfoundation,112,148
vyper__ethereum,106,93
w2p-social-auth__bnmnetp,230,460
w3af-module__andresriancho,472,55
w3af__andresriancho,446,620
waf-old__cournape,374,577
waf__zsx,226,0
wafflehaus.iweb__mgagne,0,139
wafflehaus__roaet,0,815
wagtail-bakery-plus-calendar__flowerncs,108,119
wagtail-modeltranslation__cubicuboctahedron,1,212
wagtail-salesforce-demo__kaedroho,24,104
wagtail-tableblock__seddonym,1210,1520
wagtail__wagtail,2174,321
wagtail_gae__salvadormrf,0,143
walkjobs__ryanleary,0,114
wallmanager__alcides,170,170
walmart__myth,0,102
watchdog__aaronsw,147,130
watertruck__annegentle,0,184
wbs-python__jamespharaoh,0,115
web2py__web2py,460,232
webapp-improved__johnwlockwood,797,900
webapp-improved__moraes,451,271
webapp-improved__pombreda,347,0
webapp-improved__rmyers,347,0
weboob-devel__nojhan,1653,0
weboob-modules__frankroussea,0,1792
weboob__Boussadia,998,0
weboob__Konubinix,1446,412
weboob__P4ncake,2368,0
weboob__RouxRC,1641,0
weboob__franek,580,0
weboob__frankroussea,1473,0
weboob__jocelynj,328,10
weboob__laurent-george,1554,0
weboob__laurentb,2560,18521
weboob__rbignon,1871,29
weboob__smurail,2117,0
weboob__vicnet,1446,837
weboob__willprice,1643,0
weboob__yannrouillard,831,0
webpy.org2__anandology,267,171
webscard__benallard,1,117
websearch_unimelb__stevenxxi,161,162
website-canonical-url__zeroheure,51,137
website_version__simongoffin,29928,69
wechat_jump_game__wangshub,123,96
werkzeug__pallets,192,186
werwer__oliviersels,0,108
wesub__wevoice,1150,1063
wetradefun__vegaro,353,353
whatools-api__aitoehigie,0,170
whatsapp-doorbell__Hello1024,140,0
wheel__pombredanne,197,1180
whoosh-clone__pombredanne,965,2439
whoosh__caitinggui,1563,927
whoosh__dex4er,113,260
whoosh__jaepil,647,0
whoosh__mchaput,610,0
wight__heynemann,211,208
wiki-utilities__fcooper,0,228
wikitrans-pootle__NickRuiz,103,5
wile__costela,1,215
willie-titanai__dotpot,56,167
winlibre_pm__pierrejean-coudert,2004,2004
wlan-pos__0x90,166,332
wlan-pos__hellking4,166,0
wm__YuriyGural,0,272
word_cloud__amueller,4,217
work-experience__heyongli,0,304
workerpool__jnoller,0,335
write-ups-2014__ctfs,184,66
wsbackup__willsALMANJ,0,126
wsme__avia,20,128
wxgeometrie__wxgeo,6,213
x-neutron-fwaas__dougwig,8789,16
x-neutron-lbaas__dougwig,9002,973
x-neutron-vpnaas__dougwig,8901,58
x-stackforge-odl__mestery,8693,245
x84__jquast,149,152
xMonit__necessary129,0,125
xadmin__sshwsfc,132,366
xonsh__xonsh,711,586
xos__wathsalav,277,67
xos__zdw,892,1083
xpaxs-legacy__ddale,17,123
xxadmin__ly0,124,3
yagi__Cerberus98,0,267
yandex-tank__yandex,58,154
yanventory__ogenstad,0,269
yardstick__kiall,0,145
yardstick__rbbratta,301,300
yaret-discord__chennin,0,132
ybd__devcurmudgeon,22,259
yeelight-ha__marcpabst,0,217
yelp-api-cdsw-solutions__makoshark,0,128
yocto-aarch64__gtristan,1441,0
yocto-autobuilder__evensonbryan,800,0
yocto-autobuilder__joeythesaint,801,72
yocto-autobuilder__nysan,0,1355
yocto-docker__bavery22,0,226
yocto-poc__drewmoseley,208,0
yocto__wgwoods,1151,0
yolo-octo-wookie__joshuamckenty,140,144
youtube-dl__rg3,2958,1690
yowsup__tgalal,141,92
zedboard-yocto__pombredanne,547,0
zfs_metaslabs__fcharlier,0,430
zipline__quantopian,817,896
zknova__maoy,14462,1635
zl.indicators__jkoelker,0,111
zulip__zulip,8698,6934
zun__kevin-zhaoshuai,329,496
zuul__bhuvan,3,159
